iter,name,estimate,CI_left,CI_right,CI_df_left,CI_df_right,CI_boot_left,CI_boot_right,estimate_tmle,CI_left_tmle,CI_right_tmle,estimate_aipw,CI_left_aipw,CI_right_aipw,estimate_lm,CI_left_lm,CI_right_lm,const,n
1,ATE_intercept,1.02036276358193,0.895371625372934,1.14535390179092,0.883953768991684,1.15677175817217,0.954803542272728,1.08592198489112,1.07014293593236,0.851227728745368,1.28905814311936,1.06885510261969,0.849939895432695,1.28777030980668,0.991035429462122,0.869147321819029,1.11292353710522,3,5000
2,ATE_intercept,1.11054381101817,0.981416795787706,1.23967082624863,0.969621129823167,1.25146649221317,0.959493872818835,1.2615937492175,1.14434777728508,0.945295541127022,1.34340001344314,1.14252929799251,0.943477061834451,1.34158153415057,1.06497015296193,0.937359335950478,1.19258096997338,3,5000
3,ATE_intercept,1.11298586448404,0.984093229041122,1.24187849992696,0.972318973512483,1.2536527554556,0.649552064607771,1.57641966436031,1.33565239882358,1.04697924912217,1.624325548525,1.33740013489346,1.04872698519204,1.62607328459487,1.12532290968944,0.997888546005656,1.25275727337322,3,5000
4,ATE_intercept,1.07217890682993,0.944192818620562,1.2001649950393,0.932501375571782,1.21185643808807,0.911797866019843,1.23255994764001,1.10935280429919,0.960586461267447,1.25811914733093,1.11267096489619,0.963904621864447,1.26143730792793,1.04926103508447,0.921615911865548,1.17690615830339,3,5000
5,ATE_intercept,1.08285370697093,0.958996990337269,1.20671042360459,0.947682762603686,1.21802465133817,0.966240647852452,1.19946676608941,0.976606104699955,0.779391516404837,1.17382069299507,0.97636617786439,0.779151589569271,1.17358076615951,1.02024265012554,0.89580549189401,1.14467980835707,3,5000
6,ATE_intercept,0.931414771676409,0.802501532841864,1.06032801051095,0.790725395207262,1.07210414814556,0.813235842169873,1.04959370118295,0.98716349586236,0.437477930471991,1.53684906125273,0.984166349643787,0.434480784253418,1.53385191503416,0.987334037308608,0.858585247140637,1.11608282747658,3,5000
7,ATE_intercept,1.00132495869777,0.874533247915451,1.12811666948009,0.862950910441055,1.13969900695449,0.918447151116164,1.08420276627938,1.08439171238476,0.809496030705857,1.35928739406366,1.08874469780015,0.813849016121243,1.36364037947905,0.986711235079263,0.85860733266826,1.11481513749027,3,5000
8,ATE_intercept,0.930919199481814,0.802219916236586,1.05961848272704,0.790463323301119,1.07137507566251,0.874468430166982,0.987369968796646,1.05656401319093,0.72827755915367,1.38485046722819,1.05603367548196,0.727747221444694,1.38432012951922,0.991682572634926,0.86297184878945,1.1203932964804,3,5000
9,ATE_intercept,1.05710556574487,0.933308633788767,1.18090249770098,0.921999867345255,1.19221126414449,0.965525282690566,1.14868584879918,0.990147396757932,0.65674593726097,1.32354885625489,0.983362371808241,0.64996091231128,1.3167638313052,1.04612912860075,0.924523743416053,1.16773451378545,3,5000
10,ATE_intercept,1.09257431120257,0.965592330749456,1.21955629165569,0.953992612268646,1.2311560101365,0.920692453669804,1.26445616873534,0.896897949443894,0.528522354361209,1.26527354452658,0.889455955011925,0.52108035992924,1.25783155009461,1.10854865852264,0.979903128093631,1.23719418895165,3,5000
11,ATE_intercept,0.915148706426636,0.784670935131165,1.04562647772211,0.772751878508876,1.05754553434439,0.547792907995841,1.28250450485743,1.25337241496577,0.395564147120271,2.11118068281126,1.28130909396512,0.423500826119626,2.13911736181061,0.935020579365958,0.805023789197499,1.06501736953442,3,5000
12,ATE_intercept,0.949877835939728,0.822647464565901,1.07710820731356,0.811025055741601,1.08873061613786,0.805478310303331,1.09427736157613,1.10190358357125,0.766596571602772,1.43721059553972,1.10359805709919,0.768291045130719,1.43890506906767,0.884859509381713,0.754524916298473,1.01519410246495,3,5000
13,ATE_intercept,1.0433499335847,0.919565585187573,1.16713428198183,0.908257968243708,1.1784418989257,0.809646906313996,1.27705296085541,1.00016767645899,0.791897888801703,1.20843746411628,1.0031551181255,0.794885330468212,1.21142490578279,1.06462202212989,0.94013383816736,1.18911020609243,3,5000
14,ATE_intercept,0.994376633762471,0.869221702242377,1.11953156528257,0.857788883452358,1.13096438407258,0.855160815642969,1.13359245188197,1.01962847519173,0.835232813040263,1.2040241373432,1.02047630909058,0.836080646939108,1.20487197124204,1.06659760336932,0.940835291945182,1.19235991479347,3,5000
15,ATE_intercept,0.870465530603993,0.742026468015756,0.998904593192229,0.730293646062228,1.01063741514576,0.691239914195374,1.04969114701261,0.933953958730618,0.635175097630936,1.2327328198303,0.933785106276098,0.635006245176417,1.23256396737578,0.818868210023349,0.687706411753708,0.950030008292989,3,5000
16,ATE_intercept,1.09952023268782,0.970574075450818,1.22846638992481,0.9587949307423,1.24024553463333,1.0912858243599,1.10775464101573,0.68464739537281,-0.10615474212209,1.47544953286771,0.684564519228269,-0.10623761826663,1.47536665672317,1.08891081209044,0.957803005277739,1.22001861890314,3,5000
17,ATE_intercept,0.977080058875633,0.84832603384053,1.10583408391074,0.836564440279389,1.11759567747188,0.914316749924694,1.03984336782657,0.899829271489195,0.737800286122554,1.06185825685584,0.907711725193637,0.745682739826995,1.06974071056028,0.985084785117452,0.858800255631682,1.11136931460322,3,5000
18,ATE_intercept,1.01300755075951,0.885967006968869,1.14004809455014,0.874361938766578,1.15165316275244,0.856600316713077,1.16941478480594,1.16155919924872,0.855130181711271,1.46798821678617,1.16235099948354,0.85592198194609,1.46878001702099,1.00650363903725,0.878233105597452,1.13477417247704,3,5000
19,ATE_intercept,1.08588071670933,0.959401875466659,1.212359557952,0.94784811841421,1.22391331500445,0.926403459864761,1.2453579735539,0.843396271454405,0.184614554873788,1.50217798803502,0.834269344572747,0.175487627992129,1.49305106115336,1.00181927489486,0.873610093267916,1.13002845652181,3,5000
20,ATE_intercept,0.852911357719284,0.724885614290517,0.980937101148051,0.713190548764125,0.992632166674443,0.671585509874129,1.03423720556444,0.658225494869485,0.31859269273301,0.997858297005959,0.645264803148181,0.305632001011706,0.984897605284655,0.887272524391901,0.763512481654269,1.01103256712953,3,5000
21,ATE_intercept,1.05693007829938,0.927964508528625,1.18589564807013,0.916183590498209,1.19767656610055,0.89883404368312,1.21502611291564,0.969300675966143,0.507792688544799,1.43080866338749,0.974686933030045,0.513178945608701,1.43619492045139,1.08987781621448,0.963418350958338,1.21633728147063,3,5000
22,ATE_intercept,0.991253072420086,0.863637342966019,1.11886880187415,0.851979731940358,1.13052641289981,0.687586338278784,1.29491980656139,0.951673128210586,0.775443932265115,1.12790232415606,0.956772486577007,0.780543290631535,1.13300168252248,0.975185125182462,0.846090083052838,1.10428016731209,3,5000
23,ATE_intercept,0.94663084437241,0.819419536934252,1.07384215181057,0.807798869587649,1.08546281915717,0.931621650881306,0.961640037863513,1.00636693629897,0.812392904093489,1.20034096850445,1.00626012442786,0.812286092222384,1.20023415663334,0.966653614471248,0.835925945413273,1.09738128352922,3,5000
24,ATE_intercept,1.05722936602575,0.932332298648824,1.18212643340268,0.920923035574792,1.19353569647671,1.04207051020585,1.07238822184566,1.01228341554769,0.835882548766546,1.18868428232883,1.01515478018034,0.838753913399202,1.19155564696148,1.05593807321003,0.929655564986096,1.18222058143397,3,5000
25,ATE_intercept,0.977809493235115,0.851349044442465,1.10426994202777,0.839796967527951,1.11582201894228,0.828689458961936,1.12692952750829,1.29132278195555,0.774472813632781,1.80817275027833,1.29299772111113,0.776147752788361,1.80984768943391,0.96535305539368,0.839398130897292,1.09130797989007,3,5000
26,ATE_intercept,1.02365292867698,0.894191756698925,1.15311410065504,0.882365565740313,1.16494029161365,0.936327861129768,1.1109779962242,0.903549100592548,0.466150869179615,1.34094733200548,0.898006618434512,0.460608387021579,1.33540484984745,1.05974449222179,0.931705389894825,1.18778359454875,3,5000
27,ATE_intercept,1.07759487239592,0.945944450692885,1.20924529409896,0.933918273244825,1.22127147154702,0.939968615402207,1.21522112938963,1.16617634072999,0.978666294438182,1.3536863870218,1.16710186120301,0.979591814911199,1.35461190749482,1.07926673056351,0.948679233027094,1.20985422809993,3,5000
28,ATE_intercept,1.11749480511155,0.987742906520497,1.2472467037026,0.975890157881389,1.25909945234171,0.884435153279304,1.3505544569438,1.23970523775272,1.02564968355506,1.45376079195038,1.23663805797166,1.022582503774,1.45069361216932,1.07428460850685,0.945281811706688,1.20328740530701,3,5000
29,ATE_intercept,0.885572227192492,0.756421764647112,1.01472268973787,0.744623956786129,1.02652049759885,0.632769400658406,1.13837505372658,0.699455966183494,0.402733980544802,0.996177951822185,0.706505859845782,0.40978387420709,1.00322784548447,0.995619652694127,0.865459393095525,1.12577991229273,3,5000
30,ATE_intercept,1.01311881338576,0.88553649350988,1.14070113326165,0.873881934426709,1.15235569234482,0.694431931971503,1.33180569480002,0.885246585974956,0.584438810525725,1.18605436142419,0.888428490989535,0.587620715540304,1.18923626643877,1.00169520734068,0.871457887346256,1.1319325273351,3,5000
31,ATE_intercept,1.0760700920272,0.944000408937368,1.20813977511703,0.931935932243704,1.22020425181069,0.968866714195316,1.18327346985908,1.02876722787828,0.829640995413748,1.22789346034282,1.0317059682018,0.832579735737268,1.23083220066634,1.04579198689148,0.915088905426506,1.17649506835645,3,5000
32,ATE_intercept,1.03374451212077,0.905134514978646,1.16235450926289,0.893386078268626,1.17410294597291,0.925021100966515,1.14246792327502,0.987313020330576,0.825630528331386,1.14899551232977,0.990622115805098,0.828939623805907,1.15230460780429,0.975713175270972,0.84798363678513,1.10344271375681,3,5000
33,ATE_intercept,0.990798117154886,0.861629902370293,1.11996633193948,0.849830472854203,1.13176576145557,0.741438782473768,1.240157451836,1.140601608573,0.979748363506138,1.30145485363986,1.13734475214564,0.976491507078781,1.2981979972125,0.980794721813004,0.851509401347571,1.11008004227844,3,5000
34,ATE_intercept,1.10475088566218,0.974716233924074,1.23478553740029,0.962837655975219,1.24666411534915,1.0843212717588,1.12518049956557,1.32768573410904,0.633916347877581,2.0214551203405,1.33710278667018,0.643333400438723,2.03087217290165,1.05939926459693,0.931316164602919,1.18748236459095,3,5000
35,ATE_intercept,1.04458344564484,0.91733143797515,1.17183545331454,0.905707052689779,1.18345983859991,0.808043195352899,1.28112369593679,0.868863146631086,0.53147504837022,1.20625124489195,0.879562023077051,0.542173924816185,1.21695012133792,0.964882090077064,0.8377226729167,1.09204150723743,3,5000
36,ATE_intercept,0.983847480801262,0.850663491445666,1.11703147015686,0.838497223624331,1.12919773797819,0.921056601175903,1.04663836042662,0.909441621257151,0.273416497377012,1.54546674513729,0.896555444339127,0.260530320458988,1.53258056821927,0.996839916937833,0.865912857764913,1.12776697611075,3,5000
37,ATE_intercept,0.962800761707389,0.833448624181276,1.0921528992335,0.821632393446491,1.10396912996829,0.678497270616841,1.24710425279794,1.11622677591889,0.820607602867579,1.4118459489702,1.11413849569948,0.818519322648168,1.40975766875079,1.04585109163876,0.917673560020476,1.17402862325704,3,5000
38,ATE_intercept,1.01065683026493,0.884140059022575,1.13717360150728,0.872582837090174,1.14873082343968,0.964520128150871,1.05679353237898,1.02611490489452,0.875189979517454,1.17703983027158,1.02842523708461,0.877500311707546,1.17935016246167,0.941195488163568,0.813764502879202,1.06862647344793,3,5000
39,ATE_intercept,0.997515789981797,0.86946109230271,1.12557048766088,0.857763381825032,1.13726819813856,0.987326258852272,1.00770532111132,1.05979459888317,0.82955272707134,1.290036470695,1.05971961784752,0.829477746035693,1.28996148965935,0.98906573135563,0.864438726122983,1.11369273658828,3,5000
40,ATE_intercept,0.988216546519105,0.861459333225149,1.11497375981306,0.849880147073104,1.12655294596511,0.72593840680099,1.25049468623722,0.961616068863599,0.792612068744041,1.13062006898316,0.968236802419521,0.799232802299964,1.13724080253908,0.949199854622197,0.823261572771705,1.07513813647269,3,5000
41,ATE_intercept,1.00804454732478,0.879279149197259,1.13680994545231,0.867516516711776,1.14857257793779,0.821528386210667,1.1945607084389,0.952418244757104,0.575878572847645,1.32895791666656,0.952874839091812,0.576335167182354,1.32941451100127,0.979498335203139,0.848987064330675,1.1100096060756,3,5000
42,ATE_intercept,0.989452460691296,0.858045900204592,1.120859021178,0.846041999314575,1.13286292206802,0.770267091674421,1.20863782970817,0.981784367906316,0.732962415375043,1.23060632043759,0.981414788308045,0.732592835776772,1.23023674083932,0.949681523137203,0.822517492982892,1.07684555329151,3,5000
43,ATE_intercept,0.983702025465254,0.854994776166841,1.11240927476367,0.843237455537775,1.12416659539273,0.828106190073209,1.1392978608573,1.01690046207357,0.764088671451934,1.26971225269521,1.01773194894742,0.764920158325783,1.27054373956906,0.992611333372017,0.866755353551999,1.11846731319204,3,5000
44,ATE_intercept,1.06199004898276,0.934674330497845,1.18930576746768,0.923044125272369,1.20093597269315,1.00222190377672,1.1217581941888,1.19562493138837,0.997855027936286,1.39339483484045,1.19191990098215,0.994149997530066,1.38968980443423,1.01735892406454,0.891370567352876,1.1433472807762,3,5000
45,ATE_intercept,1.0932495404572,0.968323190106807,1.21817589080759,0.95691125205285,1.22958782886154,1.06980071924948,1.11669836166491,0.936024973930368,0.567778723926519,1.30427122393422,0.94269122654255,0.574444976538701,1.3109374765464,1.13843220062142,1.01318160405406,1.26368279718878,3,5000
46,ATE_intercept,0.948834272805108,0.821167500393312,1.0765010452169,0.809505226627804,1.08816331898241,0.776611286455136,1.12105725915508,0.536685777159972,-0.440742328724419,1.51411388304436,0.526121595357464,-0.451306510526926,1.50354970124185,0.999314279573615,0.873574729078609,1.12505383006862,3,5000
47,ATE_intercept,0.932820289174559,0.806305836952044,1.05933474139707,0.794748826860546,1.07089175148857,0.776187691788104,1.08945288656101,0.781466874275262,0.489890677983657,1.07304307056687,0.796070125222653,0.504493928931048,1.08764632151426,0.93790873219112,0.814010489905888,1.06180697447635,3,5000
48,ATE_intercept,0.986514510556146,0.857818256402789,1.1152107647095,0.846061940172826,1.12696708093947,0.970918870734286,1.00211015037801,0.928858118522156,0.719038531038309,1.138677706006,0.945512114877532,0.735692527393684,1.15533170236138,1.06279466716326,0.935752161480063,1.18983717284646,3,5000
49,ATE_intercept,1.1343064906288,1.00562229797273,1.26299068328487,0.993867083552428,1.27474589770517,1.07023383857142,1.19837914268618,1.01571895369956,0.84643752150627,1.18500038589284,1.02600597528457,0.856724543091286,1.19528740747786,1.05523938314542,0.9285311501482,1.18194761614263,3,5000
50,ATE_intercept,0.973661603114333,0.845253690501936,1.10206951572673,0.833523714077744,1.11379949215092,0.92426236439843,1.02306084183023,0.938033908050143,0.791761347282905,1.08430646881738,0.945738239386878,0.79946567861964,1.09201080015412,1.01590224797514,0.886013605669606,1.14579089028068,3,5000
51,ATE_intercept,0.926508598392011,0.794790085000134,1.05822711178389,0.782757687422111,1.07025950936191,0.86163619492315,0.991381001860872,1.46295518493126,0.83619086011012,2.08971950975241,1.52475540936241,0.897991084541269,2.15151973418356,1.0024217014309,0.86960904619062,1.13523435667118,3,5000
52,ATE_intercept,0.994806501404305,0.867420190296299,1.12219281251231,0.855783536482199,1.13382946632641,0.820928759086462,1.16868424372215,0.941202023164857,0.656780374952135,1.22562367137758,0.934813732585625,0.650392084372902,1.21923538079835,1.02134536400641,0.8958122688315,1.14687845918133,3,5000
53,ATE_intercept,1.0373878230109,0.912562367232125,1.16221327878967,0.901159645829404,1.17361600019239,0.969995307313034,1.10478033870876,1.11740296212114,0.967857623193157,1.26694830104913,1.11763135376122,0.968086014833235,1.26717669268921,1.05790788438425,0.933980908646247,1.18183486012225,3,5000
54,ATE_intercept,1.05927592926869,0.931489411237095,1.18706244730029,0.919816198789784,1.1987356597476,0.846072948223757,1.27247891031363,1.22582205107236,0.972020155615147,1.47962394652958,1.21598317994966,0.962181284492446,1.46978507540688,0.980055795423805,0.852828851759652,1.10728273908796,3,5000
55,ATE_intercept,1.00070288236812,0.871376479724017,1.13002928501222,0.859562599853389,1.14184316488285,0.957472734372881,1.04393303036336,1.24125470985349,0.743117203237918,1.73939221646907,1.24523838432802,0.747100877712441,1.74337589094359,1.01236920706084,0.883734876530749,1.14100353759093,3,5000
56,ATE_intercept,1.06549267734555,0.943981205083683,1.18700414960742,0.93288121384558,1.19810414084553,1.03015440786025,1.10083094683085,1.25010909532601,1.07772338984118,1.42249480081084,1.24651808254933,1.07413237706451,1.41890378803416,1.06439043560956,0.942136129825543,1.18664474139358,3,5000
57,ATE_intercept,1.02160688736836,0.890788059525688,1.15242571521102,0.878837847617276,1.16437592711944,0.893162208772853,1.15005156596386,1.01533546632168,0.811583010227848,1.21908792241551,1.01939858385455,0.815646127760719,1.22315103994838,1.03171334063715,0.901720910360381,1.16170577091392,3,5000
58,ATE_intercept,1.10007052432697,0.972870409374752,1.22727063927919,0.961250764454209,1.23889028419973,0.941866284460676,1.25827476419327,1.22527239014611,1.03707677933326,1.41346800095896,1.2224577363247,1.03426212551185,1.41065334713755,1.08465082810567,0.95971959776999,1.20958205844135,3,5000
59,ATE_intercept,0.933671372660649,0.80773799070869,1.05960475461261,0.796234060995462,1.07110868432584,0.779741156959781,1.08760158836152,1.16245647624879,0.971510785984048,1.35340216651354,1.15672634267812,0.965780652413371,1.34767203294286,1.00073074802949,0.874111857616805,1.12734963844218,3,5000
60,ATE_intercept,0.940832961482978,0.813278494498782,1.06838742846717,0.801626479758526,1.08003944320743,0.848520084665307,1.03314583830065,0.840302707002271,0.575724088889309,1.10488132511523,0.831110396250644,0.566531778137681,1.09568901436361,1.0017204464905,0.873801382996072,1.12963950998493,3,5000
61,ATE_intercept,1.1290140063565,1.00019269515192,1.25783531756107,0.988424955044468,1.26960305766853,0.707124586517142,1.55090342619585,1.10730515002404,0.875625637591122,1.33898466245696,1.11230504268008,0.880625530247163,1.343984555113,1.13022063096542,1.00395460840387,1.25648665352697,3,5000
62,ATE_intercept,0.898240218195837,0.773122481783279,1.02335795460839,0.761693060741309,1.03478737565036,0.890783842131242,0.905696594260432,1.01732666944184,0.853499503849837,1.18115383503384,1.01683054042604,0.85300337483404,1.18065770601805,0.925157960800102,0.79896549543509,1.05135042616511,3,5000
63,ATE_intercept,1.03307167868737,0.904230009371299,1.16191334800344,0.892460409564058,1.17368294781068,0.946219799126173,1.11992355824857,0.981783310329177,0.78452766367926,1.17903895697909,0.987362447578301,0.790106800928385,1.18461809422822,0.984992023692069,0.85655409761017,1.11342994977397,3,5000
64,ATE_intercept,0.925300870865574,0.795414078026502,1.05518766370465,0.783549006888595,1.06705273484255,0.725723486803468,1.12487825492768,1.08989136386804,0.593440111219202,1.58634261651687,1.10880328122697,0.612352028578139,1.60525453387581,0.889385329365165,0.759592448560028,1.0191782101703,3,5000
65,ATE_intercept,0.952469973718444,0.823326954048657,1.08161299338823,0.811529826089352,1.09341012134754,0.756414663514717,1.14852528392217,0.953982103238061,0.783395196192187,1.12456901028394,0.959218310248583,0.788631403202708,1.12980521729446,0.926066078742943,0.79714887417193,1.05498328331396,3,5000
66,ATE_intercept,1.07857212468825,0.952087139149356,1.20505711022713,0.940532820819581,1.21661142855691,0.957895126984352,1.19924912239214,1.33753091688362,0.703405167044439,1.97165666672279,1.35101821477242,0.716892464933246,1.9851439646116,1.07385534820099,0.94856641288359,1.19914428351839,3,5000
67,ATE_intercept,1.09335314707907,0.96488431564706,1.22182197851109,0.953148774329682,1.23355751982846,1.06088104455311,1.12582524960504,1.11975354323671,0.983056051416847,1.25645103505658,1.12935059690331,0.99265310508344,1.26604808872318,1.13070710662884,1.00439283473727,1.25702137852042,3,5000
68,ATE_intercept,0.967102191689494,0.837100402008046,1.09710398137094,0.825224825985957,1.10897955739303,0.787839769557003,1.14636461382199,0.958926551058228,0.712638261001369,1.20521484111509,0.959147600960114,0.712859310903255,1.20543589101697,0.939814940483216,0.809847062546403,1.06978281842003,3,5000
69,ATE_intercept,1.01866506383206,0.89169480920543,1.1456353184587,0.880096161870979,1.15723396579315,0.869879252857691,1.16745087480643,1.16468010176786,0.940649080620152,1.38871112291556,1.16036254492223,0.936331523774529,1.38439356606994,0.974951522738297,0.851150339449439,1.09875270602715,3,5000
70,ATE_intercept,1.09292897293391,0.966530041676493,1.21932790419132,0.954983584347434,1.23087436152038,1.05706288878969,1.12879505707812,1.15486234365218,0.981531727649471,1.32819295965488,1.15199334172802,0.978662725725314,1.32532395773073,1.09593927429226,0.969144248675913,1.2227342999086,3,5000
71,ATE_intercept,0.981486134391719,0.850163821171867,1.11280844761157,0.838167616212995,1.12480465257044,0.751644430330628,1.21132783845281,0.964309635495442,0.768307786116417,1.16031148487447,0.968634081394007,0.772632232014982,1.16463593077303,1.02487868997439,0.898190044177106,1.15156733577168,3,5000
72,ATE_intercept,0.844527393381031,0.720168855622487,0.968885931139576,0.708808786866771,0.980245999895291,0.537177511983955,1.15187727477811,1.00815234766702,0.512319713346755,1.50398498198728,1.01098888492718,0.515156250606914,1.50682151924744,0.965764613282211,0.84169027015097,1.08983895641345,3,5000
73,ATE_intercept,1.11654282049529,0.986651367728115,1.24643427326247,0.974785870908911,1.25829977008167,1.02198985795466,1.21109578303592,1.09506800838735,0.916666738683324,1.27346927809138,1.09640464031989,0.918003370615859,1.27480591002391,1.09381950447449,0.966129558422178,1.2215094505268,3,5000
74,ATE_intercept,0.784583612126827,0.656085947488588,0.913081276765066,0.64434777227722,0.924819451976434,0.599609432763754,0.9695577914899,0.763604715405027,0.579651570386564,0.947557860423489,0.766494635380557,0.582541490362094,0.950447780399019,0.792257354551999,0.664830057477701,0.919684651626296,3,5000
75,ATE_intercept,1.09448929528154,0.966961459235861,1.22201713132722,0.955311877213922,1.23366671334916,0.936959998444879,1.2520185921182,1.06472967689701,0.895398272364349,1.23406108142968,1.06546227297332,0.896130868440659,1.23479367750599,1.05885279991797,0.930298672859725,1.18740692697622,3,5000
76,ATE_intercept,1.12709318147675,0.999554832619933,1.25463153033356,0.98790429025977,1.26628207269372,1.12644178801444,1.12774457493905,1.16182474065178,0.988411646383132,1.33523783492043,1.15900071639953,0.985587622130881,1.33241381066818,1.10822010760192,0.97831766653296,1.23812254867088,3,5000
77,ATE_intercept,0.986984807217885,0.859732054140153,1.11423756029562,0.84810760076226,1.12586201367351,0.702827052638213,1.27114256179756,0.849272345935151,0.63393252656727,1.06461216530303,0.859014030811936,0.643674211444055,1.07435385017982,0.925532142324425,0.799011842160575,1.05205244248828,3,5000
78,ATE_intercept,1.1098121039866,0.980244220621866,1.23937998735134,0.968408281649876,1.25121592632333,0.995824940322645,1.22379926765056,1.15496474843135,0.928637242672639,1.38129225419006,1.15413361797752,0.927806112218815,1.38046112373623,1.09764607586594,0.968912931290415,1.22637922044146,3,5000
79,ATE_intercept,0.917020520374161,0.790226216785933,1.04381482396239,0.778643642460461,1.05539739828786,0.701485667112692,1.13255537363563,0.938822283727643,0.70932485633006,1.16831971112523,0.93923733768983,0.709739910292247,1.16873476508741,0.877854036895206,0.749852861242333,1.00585521254808,3,5000
80,ATE_intercept,1.1224561590953,0.991210860072338,1.25370145811826,0.979221690308536,1.26569062788206,1.05812987543049,1.18678244276011,1.17439524474945,1.00666815158173,1.34212233791717,1.17313166374403,1.00540457057631,1.34085875691175,1.05875596798383,0.93028868373155,1.1872232522361,3,5000
81,ATE_intercept,1.02775028758206,0.901079492265428,1.15442108289869,0.889508200337469,1.16599237482665,0.862228461570931,1.19327211359319,1.31941040168479,1.02888696975293,1.60993383361665,1.31348105581356,1.0229576238817,1.60400448774542,1.04208763440018,0.912952669369397,1.17122259943096,3,5000
82,ATE_intercept,1.00251565629053,0.872157845155474,1.13287346742559,0.86024974681313,1.14478156576794,0.702931503395655,1.30209980918541,0.982357262570593,0.724085227224949,1.24062929791624,0.987463803536635,0.72919176819099,1.24573583888228,1.00314870018624,0.874405669176522,1.13189173119596,3,5000
83,ATE_intercept,1.0368808438242,0.910309575102958,1.16345211254545,0.898747374862526,1.17501431278588,0.951094827638752,1.12266686000966,1.18119737829701,0.95490572258033,1.4074890340137,1.18363113019846,0.95733947448178,1.40992278591515,1.03141894646153,0.90107908390215,1.16175880902092,3,5000
84,ATE_intercept,0.972214227654483,0.841088009356066,1.1033404459529,0.829109717536334,1.11531873777263,0.890066703261103,1.05436175204786,0.778554666544815,0.509642403616951,1.04746692947268,0.781232713702448,0.512320450774583,1.05014497663031,0.958259325733032,0.830015792612496,1.08650285885357,3,5000
85,ATE_intercept,1.03239088567688,0.901412338248236,1.16336943310553,0.889447536063104,1.17533423529066,1.01201246462523,1.05276930672853,0.58554260719247,-0.368806556244183,1.53989177062912,0.596594930821118,-0.357754232615535,1.55094409425777,1.10657851126683,0.979187453486891,1.23396956904677,3,5000
86,ATE_intercept,0.985705186968795,0.859629286112468,1.11178108782512,0.848112337393213,1.12329803654438,0.940607941030521,1.03080243290707,1.15898491470943,1.00195525867819,1.31601457074067,1.14911747522479,0.992087819193545,1.30614713125603,1.01424971240693,0.888073014544368,1.14042641026949,3,5000
87,ATE_intercept,0.985889871306685,0.856758406523744,1.11502133608963,0.844962334095579,1.12681740851779,0.912793808788497,1.05898593382487,0.825526566851816,0.485587773712981,1.16546535999065,0.827331767718366,0.487392974579531,1.1672705608572,1.0201562210108,0.892012700941019,1.14829974108058,3,5000
88,ATE_intercept,1.20820206908968,1.07659536869258,1.33980876948679,1.0645731851564,1.35183095302297,0.995411220497488,1.42099291768188,0.811726088454373,0.188250382840976,1.43520179406777,0.804019267971588,0.180543562358191,1.42749497358498,1.17303863749555,1.0450530907641,1.30102418422699,3,5000
89,ATE_intercept,1.05415310005832,0.921163567228102,1.18714263288853,0.90901506287953,1.1992911372371,1.03143735749766,1.07686884261898,0.922096146424831,0.297298378339486,1.54689391451018,0.921231111956181,0.296433343870836,1.54602888004153,1.09839949038933,0.968262343802323,1.22853663697633,3,5000
90,ATE_intercept,1.08353052202852,0.956327238401021,1.21073380565602,0.944707304024124,1.22235374003292,0.962025767112273,1.20503527694477,0.907490764035252,0.623087624411813,1.19189390365869,0.915406928195326,0.631003788571887,1.19981006781877,0.97675000713998,0.848175603111564,1.1053244111684,3,5000
91,ATE_intercept,0.999370618121662,0.873624339117184,1.12511689712614,0.862137501132326,1.136603735111,0.958134700792366,1.04060653545096,1.43227019197725,1.00994063082077,1.85459975313374,1.42270271677177,1.00037315561529,1.84503227792826,0.953221811043406,0.826235384929533,1.08020823715728,3,5000
92,ATE_intercept,0.978221137085141,0.853992737218912,1.10244953695137,0.842644556472102,1.11379771769818,0.925166319478177,1.03127595469211,1.05684340378827,0.893116871951735,1.2205699356248,1.05526446721807,0.891537935381535,1.2189909990546,1.04555962426898,0.917811565022516,1.17330768351545,3,5000
93,ATE_intercept,1.13079428185739,1.00013400473065,1.26145455898414,0.988198276323463,1.27339028739132,1.12853057605135,1.13305798766343,1.12972166647687,0.205211959063791,2.05423137388996,1.12663744814558,0.202127740732493,2.05114715555866,1.1039986929554,0.97466013254441,1.23333725336639,3,5000
94,ATE_intercept,1.01045886795418,0.881752131096864,1.1391656048115,0.869994857278948,1.15092287862942,0.999483107105092,1.02143462880327,1.08811579946293,0.869942551355563,1.3062890475703,1.08833265290542,0.870159404798047,1.30650590101278,0.955649931098572,0.828203573843505,1.08309628835364,3,5000
95,ATE_intercept,0.993037329078684,0.871595815426103,1.11447884273126,0.860502214859891,1.12557244329748,0.868542098942316,1.11753255921505,0.954009405723765,0.568568849691634,1.3394499617559,0.946464246324979,0.561023690292848,1.33190480235711,0.952100451798328,0.827924839711224,1.07627606388543,3,5000
96,ATE_intercept,0.94817234913196,0.822418399378013,1.07392629888591,0.810930860675352,1.08541383758857,0.941324601900198,0.955020096363723,1.135063666858,0.854020665964831,1.41610666775116,1.13211081506685,0.851067814173684,1.41315381596002,0.941629184690465,0.812570841971362,1.07068752740957,3,5000
97,ATE_intercept,1.05524579429831,0.926342726677046,1.18414886191958,0.914567518175934,1.19592407042069,0.894943720501711,1.21554786809491,0.579570592553562,-0.409215585090857,1.56835677019798,0.552138342027536,-0.436647835616883,1.54092451967195,1.02662737773276,0.901969035065376,1.15128572040014,3,5000
98,ATE_intercept,0.949333430967511,0.817827433114995,1.08083942882003,0.805814448688511,1.09285241324651,0.898675491706134,0.999991370228889,0.838955972141034,0.579931807872398,1.09798013640967,0.851144494653484,0.592120330384849,1.11016865892212,1.01709495191417,0.88586825676482,1.14832164706351,3,5000
99,ATE_intercept,0.976916548657354,0.851170243006757,1.10266285430795,0.839683402587794,1.11414969472691,0.829667939636811,1.1241651576779,0.961386318892822,0.816489872365296,1.10628276542035,0.968072346081006,0.82317589955348,1.11296879260853,1.03859964682811,0.914268965419802,1.16293032823642,3,5000
100,ATE_intercept,1.09316806931268,0.964764036974839,1.22157210165053,0.953034415011116,1.23330172361425,1.04687934274896,1.13945679587641,1.08523484697406,0.885890931667723,1.2845787622804,1.08480844183309,0.885464526526749,1.28415235713942,1.051551687671,0.927625030031956,1.17547834531005,3,5000
1,ATE_intercept,1.00499421095304,0.868553924851561,1.14143449705451,0.856090196513329,1.15389822539275,0.900117144400059,1.10987127750602,1.27919235513981,0.566380200376593,1.99200450990302,1.2873229473054,0.574510792542191,2.00013510206862,0.986408684117623,0.85290124311765,1.1199161251176,5,5000
2,ATE_intercept,1.08918152365531,0.947574225805814,1.23078882150481,0.93463849442077,1.24372455288986,1.03004879716164,1.14831425014899,1.07100214419055,0.908373727808766,1.23363056057234,1.08792803911287,0.925299622731078,1.25055645549466,1.06503215382823,0.927258454908599,1.20280585274787,5,5000
3,ATE_intercept,1.03338910567489,0.895181171357162,1.17159703999262,0.88255596954365,1.18422224180613,0.722937760082499,1.34384045126728,1.4525654073356,1.02193085470511,1.8831999599661,1.400194181163,0.969559628532507,1.8308287337935,1.04889059680171,0.911925871095516,1.1858553225079,5,5000
4,ATE_intercept,1.11623191046675,0.976412072685637,1.25605174824787,0.963639624575235,1.26882419635827,1.06980378810053,1.16266003283298,0.915125691337911,0.664890594541736,1.16536078813409,0.947132602953184,0.69689750615701,1.19736769974936,1.03557904660935,0.897769818467402,1.17338827475129,5,5000
5,ATE_intercept,1.12433309837877,0.989793864342835,1.2588723324147,0.97750379583176,1.27116240092578,1.01618026101041,1.23248593574712,0.778198808586673,0.244427017011431,1.31197060016192,0.75573971107544,0.221967919500197,1.28951150265068,0.99835524159353,0.863075175511359,1.1336353076757,5,5000
6,ATE_intercept,0.944995105815615,0.805067294889019,1.08492291674221,0.792284983504421,1.09770522812681,0.854683169923169,1.03530704170806,1.37399730490523,0.727120096810152,2.02087451300031,1.31817275350474,0.671295545409665,1.96504996159982,1.04726548998547,0.909112480779121,1.18541849919182,5,5000
7,ATE_intercept,0.968280235417847,0.829419916789827,1.10714055404587,0.816735120108495,1.1198253507272,0.860407179852315,1.07615329098338,1.05677817615366,0.772246744154911,1.34130960815241,1.04755072816735,0.763019296168603,1.3320821601661,0.963674224899307,0.823994171122092,1.10335427867652,5,5000
8,ATE_intercept,0.937457878156786,0.794642336033921,1.08027342027965,0.781596232347412,1.09331952396616,0.882791808166915,0.992123948146658,0.629456150962047,-0.36685174407149,1.62576404599558,0.588911929588008,-0.407395965445529,1.58521982462155,0.99991130918569,0.860519267526216,1.13930335084516,5,5000
9,ATE_intercept,1.00864091574394,0.874153082475516,1.14312874901237,0.861867709389971,1.15541412209791,0.871003613710522,1.14627821777736,0.734989019376887,0.0101784131262369,1.45979962562754,0.737981412338503,0.0131708060878526,1.46279201858915,1.04934228334987,0.917300300143211,1.18138426655652,5,5000
10,ATE_intercept,1.09681146109114,0.956645272564106,1.23697764961817,0.94384118554609,1.24978173663618,0.690268813538358,1.50335410864391,1.18815042825062,0.951631767976047,1.42466908852518,1.19201872652837,0.955500066253802,1.42853738680294,1.10860531843738,0.969381145625055,1.24782949124971,5,5000
11,ATE_intercept,0.963106631517024,0.81929960117937,1.10691366185468,0.806162925711514,1.12005033732253,0.696102923474152,1.2301103395599,0.578649225330639,-0.213039681929634,1.37033813259091,0.559322982404895,-0.232365924855377,1.35101188966517,0.984573471201784,0.842326248860453,1.12682069354311,5,5000
12,ATE_intercept,0.978506286635808,0.839148735728648,1.11786383754297,0.826418517213155,1.13059405605846,0.873832363364371,1.08318020990724,0.918991655185691,0.675859864504134,1.16212344586725,0.927638800972986,0.684507010291428,1.17077059165454,0.960741115537601,0.821942160098803,1.0995400709764,5,5000
13,ATE_intercept,1.04634064027311,0.908891725723019,1.18378955482321,0.896335859854611,1.19634542069161,0.669945332133418,1.42273594841281,0.885621223391243,0.616863409401428,1.15437903738106,0.904665448338968,0.635907634349153,1.17342326232878,1.00512587594848,0.870587986873283,1.13966376502369,5,5000
14,ATE_intercept,0.959948610693888,0.825744836834774,1.094152384553,0.813485412385154,1.10641180900262,0.893610746483006,1.02628647490477,1.16658900439568,0.982314270749414,1.35086373804195,1.14788244958341,0.96360771593714,1.33215718322967,1.05799759710008,0.923454557059855,1.19254063714031,5,5000
15,ATE_intercept,0.86229114900593,0.71886601785817,1.00571628015369,0.70576422862437,1.01881806938749,0.849173562130288,0.875408735881572,0.360501196825119,-0.407693731305529,1.12869612495577,0.349229967665522,-0.418964960465126,1.11742489579617,0.800581497169261,0.659637739237452,0.94152525510107,5,5000
16,ATE_intercept,1.1192558427143,0.977471092974017,1.26104059245459,0.964519151478139,1.27399253395047,1.06020698209422,1.17830470333438,1.57465984005288,0.867295197030653,2.28202448307511,1.53603071822527,0.828666075203042,2.2433953612475,1.09198423923888,0.94976243986757,1.23420603861019,5,5000
17,ATE_intercept,1.02937217889809,0.886088978758578,1.1726553790376,0.873000154826889,1.18574420296929,0.0318402277998355,2.02690412999635,0.936446685896483,0.661734508264371,1.21115886352859,0.945953813465725,0.671241635833613,1.22066599109784,0.994948124369634,0.856894398851732,1.13300184988754,5,5000
18,ATE_intercept,0.93493365571167,0.7958216987485,1.07404561267484,0.783113915074554,1.08675339634879,0.77384399662603,1.09602331479731,0.909064271553425,0.51171630688279,1.30641223622406,0.923548151507797,0.526200186837162,1.32089611617843,0.942315866938587,0.803264047437932,1.08136768643924,5,5000
19,ATE_intercept,0.966723463341278,0.826774126511461,1.10667280017109,0.813989848750087,1.11945707793247,0.874280134023203,1.05916679265935,0.782770427864,0.305104098459645,1.26043675726835,0.780222736907817,0.302556407503462,1.25788906631217,0.890887653559894,0.75268581261725,1.02908949450254,5,5000
20,ATE_intercept,0.961944025980825,0.821716547509491,1.10217150445216,0.808906861696299,1.11498119026535,0.723479289160443,1.20040876280121,0.995437520576943,0.781209305294435,1.20966573585945,1.00061735853532,0.786389143252809,1.21484557381783,0.98024073628069,0.844191408116161,1.11629006444522,5,5000
21,ATE_intercept,1.05276379532807,0.913038573467867,1.19248901718827,0.900274768458182,1.20525282219796,1.01852003339051,1.08700755726563,1.33770898503444,1.00286149622574,1.67255647384315,1.32224070366717,0.987393214858468,1.65708819247587,1.07800991997993,0.942536687533489,1.21348315242637,5,5000
22,ATE_intercept,1.01672912767571,0.874280023450063,1.15917823190137,0.861267393618925,1.1721908617325,0.92767680166488,1.10578145368655,0.369072410103472,-0.581602942314993,1.31974776252194,0.48140071860917,-0.469274633809295,1.43207607102764,0.996603521784052,0.855521518561204,1.1376855250069,5,5000
23,ATE_intercept,0.969528762523404,0.830545174863229,1.10851235018358,0.817849117638745,1.12120840740806,0.617375226380536,1.32168229866627,1.03929631259078,0.832481231038565,1.246111394143,1.03600469396811,0.829189612415893,1.24281977552033,0.97376908392618,0.833197680059934,1.11434048779243,5,5000
24,ATE_intercept,1.05022690544959,0.913662647735488,1.18679116316369,0.90118759467385,1.19926621622533,0.99416872320332,1.10628508769586,1.06285352598014,0.910882770144317,1.21482428181596,1.06713390871657,0.91516315288075,1.21910466455239,1.06183950658174,0.92568946249937,1.19798955066411,5,5000
25,ATE_intercept,1.05332418275253,0.913668890171453,1.19297947533361,0.900911473154367,1.2057368923507,1.01770660950339,1.08894175600167,1.03433439528308,0.776415788750708,1.29225300181545,1.04628590722336,0.788367300690991,1.30420451375573,1.01001439326841,0.873134066882821,1.146894719654,5,5000
26,ATE_intercept,1.04521589613465,0.902919684459713,1.18751210780958,0.889921021260217,1.20051077100908,0.985990105132591,1.1044416871367,0.845273938126294,0.222595296745835,1.46795257950675,0.853389749464239,0.23071110808378,1.4760683908447,1.05814503966143,0.919347704718971,1.19694237460389,5,5000
27,ATE_intercept,0.982954652084918,0.840913366148883,1.12499593802095,0.827937990244121,1.13797131392571,0.890048072594728,1.07586123157511,1.07785778915826,0.747795152705057,1.40792042561146,1.08174466817409,0.751682031720891,1.41180730462729,0.991374815357073,0.851789557783418,1.13096007293073,5,5000
28,ATE_intercept,1.07835569285898,0.937789740802976,1.21892164491499,0.924949135655549,1.23176225006241,0.81492925085343,1.34178213486453,0.938128500772875,0.731530703959237,1.14472629758651,0.967247429026148,0.76064963221251,1.17384522583979,1.00112008751255,0.86435280924926,1.13788736577584,5,5000
29,ATE_intercept,1.01135511781218,0.871503319483265,1.15120691614109,0.858727951798325,1.16398228382603,0.899870744575148,1.12283949104921,1.16242554637463,0.843460902353039,1.48139019039622,1.15310946213548,0.83414481811389,1.47207410615707,1.05402731383883,0.914221256084307,1.19383337159334,5,5000
30,ATE_intercept,1.06153670949945,0.919752866419036,1.20332055257987,0.906801007745927,1.21627241125298,0.543053210984938,1.58002020801397,1.05388994873387,0.746971839309449,1.36080805815828,1.06563864853566,0.758720539111242,1.37255675796007,1.01841952771183,0.877690951356463,1.15914810406721,5,5000
31,ATE_intercept,1.07238373993469,0.925330839209321,1.21943664066006,0.911897655665372,1.23286982420401,0.96479433944827,1.17997314042111,1.09420887908865,0.959398319919147,1.22901943825816,1.11099621752795,0.976185658358439,1.24580677669745,1.05801049575402,0.914029903122037,1.201991088386,5,5000
32,ATE_intercept,1.09030778168902,0.950178924928512,1.23043663844954,0.93737824814225,1.2432373152358,0.765610721130924,1.41500484224713,1.27052982725424,0.752342284076988,1.78871737043149,1.25351485548077,0.73532731230352,1.77170239865802,1.01395658032748,0.87487224391829,1.15304091673667,5,5000
33,ATE_intercept,0.998272676121564,0.858409005810804,1.13813634643232,0.845632553628309,1.15091279861482,0.842735473812716,1.15380987843041,1.20155421161016,1.0069302036813,1.39617821953903,1.17661569760614,0.981991689677271,1.371239705535,0.94681891900248,0.807938212752578,1.08569962525238,5,5000
34,ATE_intercept,1.13862228429219,0.998026683764694,1.27921788481969,0.985183370249344,1.29206119833504,0.926875538496136,1.35036903008825,1.39596118882424,0.659670868866735,2.13225150878175,1.36655330048691,0.630262980529405,2.10284362044442,1.09208293228654,0.9529757137638,1.23119015080928,5,5000
35,ATE_intercept,1.00731184238456,0.869213713458352,1.14540997131077,0.856598542293478,1.15802514247565,0.95134099861242,1.06328268615671,0.85217831648458,0.108274228017897,1.59608240495126,0.849149475774586,0.105245387307903,1.59305356424127,0.932590715907509,0.796453456984102,1.06872797483092,5,5000
36,ATE_intercept,0.929545778997357,0.785380581647201,1.07371097634751,0.772211187863728,1.08688037013099,0.751566128076017,1.1075254299187,1.09227924359719,0.858551691753652,1.32600679544072,1.07698664106725,0.843259089223722,1.31071419291079,0.925191051473226,0.785029756380991,1.06535234656546,5,5000
37,ATE_intercept,0.95891760929055,0.818458826083751,1.09937639249735,0.805628010738596,1.1122072078425,0.670100379075075,1.24773483950602,1.27969840188007,0.979248756701481,1.58014804705866,1.2538827535936,0.953433108415013,1.55433239877219,1.02855928156903,0.890221607121992,1.16689695601607,5,5000
38,ATE_intercept,1.01864661523508,0.882754035295422,1.15453919517475,0.870340339546574,1.1669528909236,0.844253352514003,1.19303987795617,0.754142658201231,0.410788778934169,1.09749653746829,0.792578824835899,0.449224945568836,1.13593270410296,0.937973344394863,0.802785252780619,1.07316143600911,5,5000
39,ATE_intercept,0.976149779329506,0.834731235878978,1.11756832278004,0.821812747081285,1.13048681157773,0.865224013565785,1.08707554509323,1.14802446888481,0.729174713854136,1.56687422391548,1.13699356098874,0.718143805958069,1.55584331601941,0.970356286817569,0.832174783013272,1.10853779062187,5,5000
40,ATE_intercept,0.969418068974645,0.829443649494129,1.10939248845516,0.816657080449489,1.1221790574998,0.900321466874906,1.03851467107438,0.885646725525447,0.687049343911531,1.08424410713936,0.914845216376239,0.716247834762323,1.11344259799015,0.975475624935657,0.839180830272411,1.1117704195989,5,5000
41,ATE_intercept,1.00086174074929,0.86118335022002,1.14054013127856,0.848423823220908,1.15329965827767,0.861396330474042,1.14032715102453,0.838847775400391,0.555343920770131,1.12235163003065,0.855659285220282,0.572155430590022,1.13916313985054,1.0068908892955,0.868311713886575,1.14547006470442,5,5000
42,ATE_intercept,1.01900298195131,0.874496095903827,1.16350986799879,0.861295489087742,1.17671047481487,0.872086810676249,1.16591915322636,0.666718407179002,0.321885845685951,1.01155096867205,0.717263740774835,0.372431179281785,1.06209630226789,0.987585439014649,0.848362678713756,1.12680819931554,5,5000
43,ATE_intercept,0.993520448901546,0.854330656268795,1.1327102415343,0.841615762358801,1.14542513544429,0.946824010194996,1.0402168876081,1.17672140234289,0.955882030033189,1.39756077465259,1.16522360054645,0.944384228236751,1.38606297285615,0.99589045513327,0.859536213399886,1.13224469686665,5,5000
44,ATE_intercept,1.03507585454903,0.895258202855673,1.1748935062424,0.882485954442916,1.18766575465515,0.964194907448894,1.10595680164918,1.23632936908629,0.983613918113665,1.48904482005892,1.22333779737039,0.970622346397765,1.47605324834302,1.02462097746959,0.888230129935142,1.16101182500403,5,5000
45,ATE_intercept,1.08136400723067,0.944364528676361,1.21836348578498,0.931849718483788,1.23087829597755,1.00605296921428,1.15667504524705,1.26037417459747,0.892642683240671,1.62810566595428,1.24459814310282,0.876866651746022,1.61232963445963,1.0985507598447,0.962746866955747,1.23435465273366,5,5000
46,ATE_intercept,0.957821559175075,0.818608846346872,1.09703427200328,0.805891858692444,1.10975125965771,0.766877177514959,1.14876594083519,1.1374578955428,0.993808596303854,1.28110719478175,1.12300593605894,0.979356636819989,1.26665523529788,0.999281441842695,0.862672417471818,1.13589046621357,5,5000
47,ATE_intercept,0.841544553999693,0.703013869073389,0.980075238925996,0.690359184208931,0.992729923790454,0.518135778439253,1.16495332956013,0.436800398672659,-0.0905772490203902,0.964178046365707,0.477498530506501,-0.0498791171865476,1.00487617819955,0.857007319289953,0.720038829458313,0.993975809121593,5,5000
48,ATE_intercept,0.9331069023887,0.792161144849668,1.07405265992773,0.7792858447269,1.0869279600505,0.84620447459475,1.02000933018265,1.03872418460015,0.813317253393831,1.26413111580648,1.04566045843307,0.82025352722675,1.2710673896394,1.01861465161789,0.882827766160237,1.15440153707553,5,5000
49,ATE_intercept,1.14955671869725,1.00827703454968,1.29083640284482,0.995371230455883,1.30374220693861,0.979449905324392,1.3196635320701,1.04524891065106,0.703499349656782,1.38699847164534,1.06617108844069,0.724421527446413,1.40792064943497,1.07488099306008,0.937620136664861,1.2121418494553,5,5000
50,ATE_intercept,1.01201431902702,0.871320818811737,1.1527078192423,0.858468562225775,1.16556007582827,0.986717620532318,1.03731101752172,0.877639334685288,0.62583748127455,1.12944118809603,0.899248279809957,0.647446426399219,1.1510501332207,1.0044376220824,0.865549058325646,1.14332618583915,5,5000
51,ATE_intercept,0.911795913643131,0.765329455873195,1.05826237141307,0.751949843498665,1.0716419837876,0.876541986480126,0.947049840806137,1.22867521897868,-0.0154472332556486,2.47279767121301,1.23728633194796,-0.00683612028637182,2.48140878418229,0.980697298976428,0.837055153712938,1.12433944423992,5,5000
52,ATE_intercept,0.915655721545137,0.775655161773688,1.05565628131659,0.762866204831059,1.06844523825921,0.561527016050557,1.26978442703972,1.03255367451832,0.643136345093107,1.42197100394353,1.03237278341193,0.642955453986715,1.42179011283714,0.940490631697235,0.803734976083798,1.07724628731067,5,5000
53,ATE_intercept,1.09640263635354,0.957331546789111,1.23547372591798,0.944627496324545,1.24817777638254,1.08894860227327,1.10385667043382,1.00449809310842,0.856470475214739,1.15252571100211,1.03699237412945,0.888964756235771,1.18501999202314,1.10181008513132,0.968400492784512,1.23521967747814,5,5000
54,ATE_intercept,1.00874550878515,0.870310576490516,1.14718044107978,0.857664638564539,1.15982637900576,0.920825240341065,1.09666577722923,1.10397810095576,0.949988617278211,1.25796758463332,1.0844167139549,0.930427230277344,1.23840619763245,0.983741921260908,0.846058346941869,1.12142549557995,5,5000
55,ATE_intercept,0.953286400071233,0.815535884716984,1.09103691542548,0.802952467818035,1.10362033232443,0.910037535171616,0.996535264970849,1.03679075062409,0.877450194732275,1.1961313065159,1.03945245572194,0.880111899830128,1.19879301161375,0.9599144055227,0.822743459260078,1.09708535178532,5,5000
56,ATE_intercept,1.05321034313541,0.918080287778215,1.1883403984926,0.905736248136949,1.20068443813387,0.879223910708718,1.2271967755621,1.14972286759568,1.02811646659744,1.27132926859393,1.14098675556847,1.01938035457023,1.26259315656672,1.03989702008293,0.905012973236737,1.17478106692913,5,5000
57,ATE_intercept,1.03370923463113,0.891542367343272,1.17587610191898,0.878555519666512,1.18886294959574,0.983620650764955,1.0837978184973,0.972376270616088,0.716175178463921,1.22857736276825,0.993028027697056,0.73682693554489,1.24922911984922,1.04751255795473,0.909454781764982,1.18557033414447,5,5000
58,ATE_intercept,1.11532717767252,0.979818585462218,1.25083576988282,0.9674399667341,1.26321438861094,1.02761021745711,1.20304413788793,1.04011635524851,0.743538547651396,1.33669416284562,1.04752656682871,0.750948759231603,1.34410437442582,1.07553780106405,0.941761490102659,1.20931411202544,5,5000
59,ATE_intercept,0.891974462961569,0.75219914814683,1.03174977777631,0.739430767179451,1.04451815874369,0.742459975611288,1.04148895031185,1.65957094694708,0.581838548302519,2.73730334559163,1.6362962924634,0.558563893818847,2.71402869110796,0.990133571900653,0.853043050808312,1.12722409299299,5,5000
60,ATE_intercept,0.955556472075293,0.816711273912341,1.09440167023825,0.80402785847532,1.10708508567527,0.778001360179932,1.13311158397066,1.1635343232011,0.840139654524537,1.48692899187767,1.14542609077628,0.82203142209972,1.46882075945285,0.994823108403325,0.856074099968076,1.13357211683857,5,5000
61,ATE_intercept,1.06595247124991,0.92512359695431,1.20678134554552,0.91225897403719,1.21964596846264,0.691802716262171,1.44010222623766,1.01296709300415,0.778849458737592,1.2470847272707,1.02589115062911,0.791773516362558,1.26000878489567,1.11873656084904,0.983441799720344,1.25403132197774,5,5000
62,ATE_intercept,0.969199446839968,0.82774919013755,1.11064970354239,0.814827804355634,1.1235710893243,0.853439664274736,1.0849592294052,1.21113220506575,0.823027677614496,1.59923673251701,1.20689350419287,0.818788976741609,1.59499803164412,1.02706232061485,0.889971205856201,1.1641534353735,5,5000
63,ATE_intercept,1.05701820678389,0.916189262391769,1.19784715117601,0.903324633071379,1.2107117804964,0.928054220385038,1.18598219318275,1.12293568395916,0.90740627657697,1.33846509134135,1.12228968855981,0.906760281177623,1.337819095942,0.993784745569987,0.856385249081856,1.13118424205812,5,5000
64,ATE_intercept,0.947544057229652,0.805170906113593,1.08991720834571,0.792165214547915,1.10292289991139,0.719187988109145,1.17590012635016,0.559174965429531,-0.151167156187174,1.26951708704624,0.6009337641479,-0.109408357468806,1.3112758857646,0.933425705642871,0.795582906966701,1.07126850431904,5,5000
65,ATE_intercept,0.938544169053191,0.800140018977688,1.07694831912869,0.787496892986717,1.08959144511966,0.788643669346041,1.08844466876034,0.561214890680639,0.119214262304771,1.00321551905651,0.587458338858286,0.145457710482418,1.02945896723415,0.905730982600476,0.767637756759761,1.04382420844119,5,5000
66,ATE_intercept,1.02692464279145,0.886416463950441,1.16743282163246,0.873581136347334,1.18026814923557,1.01996549555261,1.03388379003029,0.752372817957373,0.0834218489310666,1.42132378698368,0.783594385217267,0.114643416190961,1.45254535424357,1.03849135534986,0.901318447727322,1.17566426297239,5,5000
67,ATE_intercept,1.08932453812745,0.949664750542225,1.22898432571266,0.936906922909536,1.24174215334535,1.0025921113734,1.17605696488149,0.952477856091162,0.52273573559113,1.38221997659119,0.995162426071387,0.565420305571354,1.42490454657142,1.13142714508634,0.996946553369377,1.2659077368033,5,5000
68,ATE_intercept,0.948677211542365,0.809652622889079,1.08770180019565,0.796952820251459,1.10040160283327,0.789518808092661,1.10783561499207,0.828534361543664,0.695403015398767,0.96166570768856,0.86269033828207,0.729558992137174,0.995821684426967,0.932439950468061,0.795066369809839,1.06981353112628,5,5000
69,ATE_intercept,1.00359769303738,0.862419023556467,1.14477636251829,0.849522447084512,1.15767293899025,0.979779490834483,1.02741589524028,0.936102718735197,0.702315624403814,1.16988981306658,0.947062622430158,0.713275528098775,1.18084971676154,0.920557425569151,0.784231747193576,1.05688310394473,5,5000
70,ATE_intercept,1.13039387909658,0.993027937840367,1.26775982035279,0.980479651526531,1.28030810666662,1.06452347984735,1.19626427834581,1.16295785255204,1.00441816278649,1.32149754231758,1.16108342499975,1.00254373523421,1.3196231147653,1.14992330967897,1.01158936236351,1.28825725699444,5,5000
71,ATE_intercept,0.987524335878423,0.845294467414404,1.12975420434244,0.832301864622589,1.14274680713426,0.810917613432492,1.16413105832435,0.952964949960849,0.791054456958093,1.11487544296361,0.966566644810576,0.804656151807819,1.12847713781333,1.01622492525221,0.878321930821575,1.15412791968284,5,5000
72,ATE_intercept,0.93372641364017,0.798454064050565,1.06899876322977,0.786097025926903,1.08135580135344,0.525737789940101,1.34171503734024,0.917634820015205,0.260252695793431,1.57501694423698,0.932086066572579,0.274703942350804,1.58946819079435,1.07288630935192,0.93890086091404,1.2068717577898,5,5000
73,ATE_intercept,1.03775801395019,0.900548803304613,1.17496722459577,0.88801483422661,1.18750119367377,0.904642085292539,1.17087394260784,0.928110979060066,0.742300071712773,1.11392188640736,0.950669714366484,0.764858807019191,1.13648062171378,1.0667463688206,0.931277052454484,1.20221568518672,5,5000
74,ATE_intercept,0.853056475490764,0.713465525307558,0.992647425673969,0.700713985925229,1.0053989650563,0.719982494399633,0.986130456581895,0.979084809323148,0.752367756652584,1.20580186199371,0.965341569579216,0.738624516908652,1.19205862224978,0.810888466006342,0.672597731636533,0.94917920037615,5,5000
75,ATE_intercept,0.961177173956512,0.822708439872532,1.09964590804049,0.810059414175839,1.11229493373719,0.80103693246612,1.1213174154469,0.828805470292085,0.67137250190591,0.98623843867826,0.87240623019735,0.714973261811176,1.02983919858353,0.941814925574232,0.804780716713327,1.07884913443514,5,5000
76,ATE_intercept,1.07582272389617,0.935391803676269,1.21625364411607,0.922563533596221,1.22908191419612,1.04796643318449,1.10367901460784,1.01873231669004,0.714037243819413,1.32342738956067,1.0302463186404,0.72555124576977,1.33494139151103,1.10459825139271,0.965188196447635,1.24400830633778,5,5000
77,ATE_intercept,0.97275399018877,0.830998382325119,1.11450959805242,0.818049102920064,1.12745887745748,0.659657268893529,1.28585071148401,1.4152046625397,0.761026511237783,2.06938281384162,1.42351861533024,0.769340464028323,2.07769676663216,0.943177634582557,0.805849366351043,1.08050590281407,5,5000
78,ATE_intercept,1.0066584130688,0.867174512655054,1.14614231348255,0.854432752197142,1.15888407394046,0.866128073650936,1.14718875248666,1.27872088573798,0.776374099243204,1.78106767223276,1.26984524716025,0.767498460665469,1.77219203365503,1.05745562879371,0.92135818727741,1.19355307031001,5,5000
79,ATE_intercept,0.906285312195247,0.767455280196122,1.04511534419437,0.754773250177963,1.05779737421253,0.684003352210311,1.12856727218018,0.919980718108282,0.512733058934685,1.32722837728188,0.920752567743182,0.513504908569585,1.32800022691678,0.880540483447088,0.741376581201227,1.01970438569295,5,5000
80,ATE_intercept,1.15986494868442,1.01880093362734,1.30092896374151,1.00591483075986,1.31381506660899,1.03087200853229,1.28885788883656,1.1073932598643,0.855674687437109,1.35911183229149,1.11816690481023,0.866448332383034,1.36988547723742,1.10516091662887,0.966643294231267,1.24367853902648,5,5000
81,ATE_intercept,0.962882907984599,0.82571239390614,1.10005342206306,0.813181959733508,1.11258385623569,0.765743350750075,1.16002246521912,1.09259376814363,0.850287657532176,1.33489987875508,1.08898943278366,0.846683322172213,1.33129554339511,0.966164515907801,0.82987916108041,1.10244987073519,5,5000
82,ATE_intercept,0.935443640260116,0.792824970603966,1.07806230991627,0.779796851084836,1.0910904294354,0.644291149014874,1.22659613150536,1.17727986906051,0.936194159046912,1.4183655790741,1.15173207924114,0.910646369227548,1.39281778925474,0.943612000142074,0.804903095053083,1.08232090523106,5,5000
83,ATE_intercept,0.978288845563105,0.838011698266025,1.11856599286018,0.825197475239018,1.13138021588719,0.890177856797715,1.06639983432849,1.46567067028891,0.902005221371284,2.02933611920654,1.47798359274711,0.914318143829486,2.04164904166474,0.990249509500177,0.851784367504713,1.12871465149564,5,5000
84,ATE_intercept,0.982495365925288,0.841566475815553,1.12342425603502,0.828692716521103,1.13629801532947,0.880789385924314,1.08420134592626,0.537932886804501,0.103282274860551,0.972583498748452,0.578880362641962,0.144229750698012,1.01353097458591,0.974583926950429,0.837205599925229,1.11196225397563,5,5000
85,ATE_intercept,1.09698720823074,0.95288747885163,1.24108693760984,0.939724065523266,1.2542503509382,1.01290240761898,1.18107200884249,0.961039857201523,0.815099881321361,1.10697983308169,0.997317713035244,0.851377737155082,1.14325768891541,1.13381696150258,0.994072782009758,1.27356114099539,5,5000
86,ATE_intercept,0.979627117642807,0.844292495562116,1.1149617397235,0.831929768888291,1.12732446639732,0.913577253076277,1.04567698220934,1.34165631989759,0.910518926250641,1.77279371354453,1.30435858897813,0.873221195331184,1.73549598262508,1.00003987938959,0.865861198164209,1.13421856061496,5,5000
87,ATE_intercept,0.943815470548123,0.803605197818661,1.08402574327759,0.790797083738413,1.09683385735783,0.920209181870803,0.967421759225444,0.956474106702977,0.739055122334385,1.17389309107157,0.974656187153763,0.757237202785172,1.19207517152235,0.987186735796684,0.846664868518975,1.12770860307439,5,5000
88,ATE_intercept,1.19690226548503,1.05350326284967,1.34030126812039,1.04040386043789,1.35340067053216,1.14782811345837,1.24597641751169,0.937213121668289,0.424447499876956,1.44997874345962,0.938167635423371,0.425402013632038,1.4509332572147,1.18950793792886,1.05188656651825,1.32712930933946,5,5000
89,ATE_intercept,0.948626275060702,0.804395937806103,1.0928566123153,0.791220593536186,1.10603195658522,0.892593143839327,1.00465940628208,1.39699079927072,0.71126217831683,2.08271942022461,1.36284609721416,0.677117476260269,2.04857471816805,1.02004040560682,0.882364713631491,1.15771609758214,5,5000
90,ATE_intercept,1.11403886999758,0.976464896788416,1.25161284320674,0.963897606895642,1.26418013309952,0.877377482779009,1.35070025721615,1.32516928672033,1.09794954270829,1.55238903073238,1.28804804523174,1.0608283012197,1.51526778924379,0.993245320515112,0.85596805846379,1.13052258256643,5,5000
91,ATE_intercept,0.879250788727416,0.743159169098628,1.0153424083562,0.730727291208093,1.02777428624674,0.873812633289445,0.884688944165387,1.11856140276884,0.92727702751066,1.30984577802703,1.11171063110526,0.920426255847072,1.30299500636344,0.872103668635031,0.735660271782666,1.0085470654874,5,5000
92,ATE_intercept,1.00626610990212,0.871407525676634,1.14112469412761,0.859088284740603,1.15344393506364,0.999543307446727,1.01298891235752,1.00013747742574,0.825709142800989,1.17456581205048,1.00901040737841,0.834582072753665,1.18343874200316,1.02190996012706,0.885025999465786,1.15879392078833,5,5000
93,ATE_intercept,1.1080273132037,0.96590098865094,1.25015363775645,0.952917844525755,1.26313678188164,0.956019325035989,1.2600353013714,1.17822865129522,1.03312738703462,1.32332991555581,1.1796553812432,1.03455411698261,1.3247566455038,1.08811692478367,0.951164115389914,1.22506973417742,5,5000
94,ATE_intercept,0.972561824087629,0.83336004967434,1.11176359850092,0.820644061236755,1.1244795869385,0.800496045022273,1.14462760315298,1.15818086978133,0.748650287159206,1.56771145240345,1.14763058370271,0.738100001080589,1.55716116632483,0.934278591116036,0.79785140399981,1.07070577823226,5,5000
95,ATE_intercept,1.03414480435477,0.902739709133615,1.16554989957592,0.89073594209462,1.17755366661492,0.882673831630233,1.1856157770793,0.80771781085325,0.476447176383421,1.13898844532308,0.840744492994689,0.50947385852486,1.17201512746452,0.962813809206258,0.829059562317263,1.09656805609525,5,5000
96,ATE_intercept,0.941883699790603,0.803928582208851,1.07983881737235,0.791326475034075,1.09244092454713,0.889851737527719,0.993915662053486,1.38025096445657,0.886697122936859,1.87380480597628,1.38305027371587,0.889496432196163,1.87660411523559,0.938927197075995,0.799684309335527,1.07817008481646,5,5000
97,ATE_intercept,1.11361616938189,0.973047127967937,1.25418521079585,0.96020624060974,1.26702609815405,0.945710360311249,1.28152197845254,0.830431625592647,0.141642585799022,1.51922066538627,0.842722548576753,0.153933508783128,1.53151158837038,1.08702611562638,0.951802786945083,1.22224944430769,5,5000
98,ATE_intercept,1.05393017382994,0.911867058485784,1.1959932891741,0.898889688479277,1.20897065918061,0.861854720995276,1.24600562666461,1.19574687391524,0.775703190559635,1.61579055727085,1.19227392101066,0.772230237655056,1.61231760436627,1.13969489596865,1.00093424549093,1.27845554644637,5,5000
99,ATE_intercept,1.00629938423218,0.871422811063841,1.14117595740051,0.859101926849984,1.15349684161437,0.932121998406086,1.08047677005827,1.22010494540474,1.01307105850298,1.4271388323065,1.19884045859716,0.991806571695406,1.40587434549892,1.03716468609137,0.90245874123085,1.17187063095189,5,5000
100,ATE_intercept,1.1777406596623,1.03318774730742,1.32229357201717,1.01998293601912,1.33549838330547,0.958742715001643,1.39673860432295,1.42288156663001,1.00167935759587,1.84408377566415,1.40440858141573,0.983206372381596,1.82561079044987,1.10682797806549,0.971941973790191,1.2417139823408,5,5000
1,ATE_intercept,1.04891682181479,0.907055892723234,1.19077775090634,0.894096992294871,1.20373665133471,1.00516510325062,1.09266854037896,0.589409334877326,-0.494241503009592,1.67306017276424,0.655138775353798,-0.42851206253312,1.73878961324072,1.01204423747204,0.874873763444619,1.14921471149946,7,5000
2,ATE_intercept,1.08740042114476,0.939413921430363,1.23538692085916,0.925895454246892,1.24890538804263,1.05688747229652,1.117913369993,1.04427280346358,0.77337533658116,1.31517027034599,1.07881465922292,0.807917192340501,1.34971212610533,1.06487798523845,0.921113749583503,1.2086422208934,7,5000
3,ATE_intercept,1.00906102082413,0.866300775076846,1.1518212665714,0.853259722677044,1.16486231897121,0.57671394214893,1.44140809949932,1.20420067185712,1.06104333005469,1.34735801365954,1.16266466423294,1.01950732243051,1.30582200603537,1.00516071996645,0.864613101689308,1.14570833824359,7,5000
4,ATE_intercept,1.13207005810635,0.984837848789741,1.27930226742295,0.971407420003924,1.29273269620877,1.05591140569249,1.2082287105202,0.777061081204566,0.418003736686803,1.13611842572233,0.853699193585815,0.494641849068053,1.21275653810358,1.04784836566323,0.906304001541397,1.18939272978506,7,5000
5,ATE_intercept,1.16468287346032,1.02262703459628,1.30673871232435,1.00965032929134,1.3197154176293,1.06811341903503,1.2612523278856,0.916107804831429,0.476951602312396,1.35526400735046,0.953166187973514,0.514009985454482,1.39232239049255,1.03099330914298,0.890976470339649,1.17101014794631,7,5000
6,ATE_intercept,0.986221928666811,0.843001696412673,1.12944216092095,0.829918624554948,1.14252523277867,0.880433588617556,1.09201026871607,0.78028878995,0.257462249514338,1.30311533038566,0.835402027265282,0.31257548682962,1.35822856770094,1.06413007841801,0.923100388061415,1.20515976877461,7,5000
7,ATE_intercept,0.996819888974187,0.852646600817848,1.14099317713053,0.839476467944674,1.1541633100037,0.841199186938987,1.15244059100939,0.689683616439558,0.343156701540774,1.03621053133834,0.739742821798811,0.393215906900026,1.08626973669759,0.988203562207923,0.844240856148339,1.13216626826751,7,5000
8,ATE_intercept,0.992861748701876,0.845183188799555,1.1405403086042,0.831692851710736,1.15403064569302,0.975561572658325,1.01016192474543,0.826682399561472,0.584134340548094,1.06923045857485,0.903088076930636,0.660540017917258,1.14563613594401,1.03614982454615,0.892405416652638,1.17989423243967,7,5000
9,ATE_intercept,0.919364355571986,0.779200586686935,1.05952812445704,0.766396720701585,1.07233199044239,0.787033502904688,1.05169520823928,0.796158268484562,0.543488361778683,1.04882817519044,0.842345715194078,0.589675808488199,1.09501562189996,0.983043203351081,0.846116144069172,1.11997026263299,7,5000
10,ATE_intercept,1.1211989050023,0.978364171614649,1.26403363838995,0.965316314819014,1.27708149518558,0.735264432260589,1.50713337774401,0.995876672941164,0.82897580252444,1.16277754335789,1.03547550504776,0.868574634631032,1.20237637546448,1.10329086195006,0.961278554553103,1.24530316934701,7,5000
11,ATE_intercept,1.06884329509528,0.924361624600835,1.21332496558973,0.911163321208555,1.22652326898201,0.962230799221772,1.17545579096879,1.16492173025856,0.688880106486741,1.64096335403038,1.15420585925398,0.678164235482156,1.6302474830258,1.04307336835469,0.89902629631331,1.18712044039607,7,5000
12,ATE_intercept,0.993053902916732,0.847616846201463,1.138490959632,0.834331268920696,1.15177653691277,0.906876266109154,1.07923153972431,0.859252701524627,0.198624525087575,1.51988087796168,0.909818056605015,0.249189880167963,1.57044623304207,0.956412475870865,0.812867358263665,1.09995759347807,7,5000
13,ATE_intercept,1.05626773117483,0.914561216586672,1.19797424576299,0.901616421819304,1.21091904053036,0.779988990353012,1.33254647199665,1.18480360936277,0.769282343728383,1.60032487499716,1.17815958713534,0.762638321500948,1.59368085276973,1.02009872312543,0.881131805016195,1.15906564123466,7,5000
14,ATE_intercept,0.945223310021563,0.80727727355624,1.08316934648689,0.79467599593534,1.09577062410779,0.882383230945814,1.00806338909731,0.817418189900083,0.498951761530715,1.13588461826945,0.854737636246366,0.536271207876998,1.17320406461573,1.00914730280202,0.870293835370593,1.14800077023344,7,5000
15,ATE_intercept,0.961719943519396,0.813371481121109,1.11006840591768,0.799819948889994,1.1236199381488,0.958753164398977,0.964686722639815,1.49165987044298,0.591009071628712,2.39231066925725,1.43166825890711,0.531017460092844,2.33231905772138,0.900692306260433,0.756477320633506,1.04490729188736,7,5000
16,ATE_intercept,1.11146777103037,0.967935820580122,1.25499972148061,0.954824273474908,1.26811126858583,0.974262309290213,1.24867323277052,1.21616275605598,0.888344619296545,1.54398089281541,1.21153774971345,0.883719612954021,1.53935588647288,1.05682907396973,0.913092173748716,1.20056597419074,7,5000
17,ATE_intercept,1.04907582954539,0.89821941385982,1.19993224523096,0.884438781783264,1.21371287730751,0.9644946598879,1.13365699920288,0.950894634616813,0.818411497055124,1.0833777721785,0.973237403266337,0.840754265704648,1.10572054082803,0.987583013442005,0.844428136666313,1.1307378902177,7,5000
18,ATE_intercept,0.915211201344353,0.76988833654919,1.06053406613952,0.756613190623496,1.07380921206521,0.679801659689976,1.15062074299873,0.945505033379038,0.745721026376656,1.14528904038142,0.968603351640956,0.768819344638575,1.16838735864334,0.903884822334428,0.760612238598183,1.04715740607067,7,5000
19,ATE_intercept,0.919971283148528,0.776218358338383,1.06372420795867,0.763086625374064,1.07685594092299,0.888173020934623,0.951769545362434,1.13021174154424,0.25515847692397,2.00526500616452,1.12664632396376,0.251593059343482,2.00169958858403,0.846940805961403,0.703383808269009,0.990497803653797,7,5000
20,ATE_intercept,1.00914280602711,0.865419417786646,1.15286619426757,0.852290382968095,1.16599522908612,0.781471010039164,1.23681460201505,0.930143307832359,0.738545591014805,1.12174102464991,0.963417033834076,0.771819317016522,1.15501475065163,1.01227692642434,0.872748396418145,1.15180545643054,7,5000
21,ATE_intercept,1.10302493907794,0.956934799002939,1.24911507915294,0.943589562996655,1.26246031515923,1.03014306239224,1.17590681576364,1.38715676302246,1.17683174761016,1.59748177843477,1.347653939295,1.1373289238827,1.5579789547073,1.15199661768535,1.01061719318376,1.29337604218693,7,5000
22,ATE_intercept,1.03731463491215,0.889013123710009,1.18561614611429,0.875465880439073,1.19916338938523,0.936550847613373,1.13807842221093,0.580422060249297,-0.00207467659460059,1.16291879709319,0.693384752849517,0.11088801600562,1.27588148969341,1.0243280081623,0.881030828808602,1.167625187516,7,5000
23,ATE_intercept,0.999238737502336,0.855255557001663,1.14322191800301,0.842102790334929,1.15637468466974,0.565722301709827,1.43275517329485,0.69287947150384,0.134759451196227,1.25099949181145,0.763137593321522,0.205017573013909,1.32125761362914,0.986758271067517,0.841719311363797,1.13179723077124,7,5000
24,ATE_intercept,1.07252085687729,0.930869839008248,1.21417187474634,0.917930113828832,1.22711159992575,1.01373566433139,1.1313060494232,1.04604491259347,0.86229689623067,1.22979292895627,1.06786807857709,0.884120062214292,1.25161609493989,1.0946665878989,0.954547365172202,1.23478581062561,7,5000
25,ATE_intercept,1.09989333427424,0.955326301209998,1.24446036733849,0.942120200004399,1.25766646854409,1.02561075997013,1.17417590857836,0.722198609670168,0.193724318573228,1.25067290076711,0.813237210808357,0.284762919711417,1.3417115019053,1.0571595550181,0.915483148018427,1.19883596201778,7,5000
26,ATE_intercept,1.07989619528252,0.93270059549505,1.22709179506998,0.919254376487787,1.24053801407725,0.95071684443726,1.20907554612777,1.20741598290269,0.844630046038547,1.57020191976684,1.19679256414689,0.834006627282744,1.55957850101103,1.0793579106854,0.934955672133701,1.22376014923709,7,5000
27,ATE_intercept,0.997473641372486,0.849541342869696,1.14540593987528,0.836027826930439,1.15891945581453,0.947058241888109,1.04788904085686,0.849943785503676,0.37326076348754,1.32662680751981,0.894039056746897,0.41735603473076,1.37072207876303,0.980512821907307,0.837214563131533,1.12381108068308,7,5000
28,ATE_intercept,1.10334366126468,0.957210136127322,1.24947718640203,0.943860936924781,1.26282638560457,0.904414804072904,1.30227251845645,1.0349372202199,0.431511117058369,1.63836332338144,1.04037773770495,0.436951634543419,1.64380384086649,1.03842897345925,0.897935437772059,1.17892250914644,7,5000
29,ATE_intercept,1.05210442426234,0.908005556310859,1.19620329221382,0.894842221673328,1.20936662685135,0.986705633611986,1.11750321491269,0.736805782184327,0.0876732767088186,1.38593828765984,0.806981723440054,0.157849217964546,1.45611422891556,1.06984487379688,0.926465029943787,1.21322471764998,7,5000
30,ATE_intercept,1.07301234100443,0.928443921011633,1.21758076099723,0.915237693111044,1.23078698889782,0.564289771205467,1.5817349108034,0.811835062561856,0.166799647357614,1.4568704777661,0.86348135144598,0.218445936241738,1.50851676665022,1.02180463513564,0.878780470767453,1.16482879950382,7,5000
31,ATE_intercept,1.02391392572246,0.871815759162435,1.17601209228249,0.857921693978949,1.18990615746598,0.859965973894859,1.18786187755007,1.10655110660474,0.843631543408568,1.36947066980092,1.09994630955126,0.837026746355089,1.36286587274744,1.0117996733155,0.864194062666103,1.1594052839649,7,5000
32,ATE_intercept,1.16227730159071,1.01787861670417,1.30667598647725,1.00468789399134,1.31986670919008,0.736192766948507,1.58836183623291,1.15072841607326,1.02923050459264,1.27222632755388,1.15703175470042,1.0355338432198,1.27852966618104,1.06859524128679,0.925608472448114,1.21158201012547,7,5000
33,ATE_intercept,0.969371133501338,0.824278609100936,1.11446365790174,0.81102450461533,1.12771776238735,0.96210489688497,0.976637370117705,1.09023199353519,0.927642208594826,1.25282177847556,1.07313882586801,0.910549040927646,1.23572861080838,0.901047292413076,0.758169610732128,1.04392497409403,7,5000
34,ATE_intercept,1.10390754451159,0.957541520058248,1.25027356896493,0.944171082199618,1.26364400682356,1.02247209502108,1.1853429940021,1.09734028150152,0.911518793531867,1.28316176947116,1.10582442485088,0.92000293688123,1.29164591282053,1.06226255788083,0.920587794997118,1.20393732076454,7,5000
35,ATE_intercept,1.01783791683189,0.875415859021602,1.16025997464217,0.862405699862311,1.17327013380147,0.94231278418557,1.09336304947821,1.40468382497131,1.08366043995386,1.72570720998876,1.32996690859157,1.00894352357412,1.65099029360902,0.941730927780032,0.801782725205592,1.08167913035447,7,5000
36,ATE_intercept,0.911787622182101,0.763949452756585,1.05962579160762,0.750444535445207,1.07313070891899,0.650797881634416,1.17277736272979,0.951427066160208,0.537293362784531,1.36556076953588,0.957500862866652,0.543367159490975,1.37163456624233,0.911655602177622,0.767385258532346,1.0559259458229,7,5000
37,ATE_intercept,0.957695667582406,0.814000357648773,1.10139097751604,0.80087388776466,1.11451744740015,0.688022070858514,1.2273692643063,1.0383220586307,0.879528153265985,1.19711596399541,1.05371575167679,0.89492184631208,1.2125096570415,1.03396819016563,0.89248822937713,1.17544815095414,7,5000
38,ATE_intercept,1.00688378255892,0.866665778687957,1.14710178642988,0.853856958373134,1.1599106067447,0.853249938175156,1.16051762694268,0.894429522380338,0.695232565558494,1.09362647920218,0.92381207980857,0.724615122986726,1.12300903663041,0.964867393579729,0.826300016592577,1.10343477056688,7,5000
39,ATE_intercept,1.02004791129333,0.876048956076918,1.16404686650975,0.862894748400515,1.17720107418615,0.99822627807369,1.04186954451298,1.6966293239414,0.973024719889427,2.42023392799338,1.62839725789822,0.904792653846244,2.35200186195019,1.012766496759,0.870585425480967,1.15494756803703,7,5000
40,ATE_intercept,0.954239263531267,0.810587510364909,1.09789101669763,0.79746501936218,1.11101350770035,0.898766939892038,1.0097115871705,1.01876113052942,0.782024865340164,1.25549739571868,1.02643374255145,0.78969747736219,1.26317000774071,0.965813691709542,0.825650993317264,1.10597639010182,7,5000
41,ATE_intercept,1.02718902445558,0.881824307281505,1.17255374162965,0.868545338169156,1.185832710742,0.788973242331809,1.26540480657935,0.834412833428681,0.32903279852286,1.3397928683345,0.870923219754315,0.365543184848495,1.37630325466014,1.0324600481448,0.888667713396056,1.17625238289355,7,5000
42,ATE_intercept,1.0353842403711,0.886950343711591,1.18381813703062,0.873391007118193,1.19737747362402,0.867371666368632,1.20339681437358,1.07504290101306,0.815524940067114,1.334560861959,1.07459434229287,0.815076381346923,1.33411230323881,1.00177429425392,0.858993812528828,1.14455477597902,7,5000
43,ATE_intercept,0.957505635041619,0.811308726589505,1.10370254349373,0.797953737363805,1.11705753271943,0.907646248820421,1.00736502126282,1.217028910617,0.75628385097712,1.67777397025687,1.1942049228371,0.733459863197222,1.65494998247698,0.937427418555432,0.796348600162619,1.07850623694825,7,5000
44,ATE_intercept,1.04543188041099,0.900983240333835,1.18988052048815,0.887787954247951,1.20307580657404,1.03128489745029,1.0595788633717,1.04195875666028,0.830187219660844,1.25373029365971,1.06074297009331,0.84897143309388,1.27251450709275,1.02283038886489,0.881242633094667,1.16441814463511,7,5000
45,ATE_intercept,1.04338732635266,0.900181087351906,1.18659356535342,0.887099293768463,1.19967535893686,0.946399646170835,1.14037500653449,1.12517896241853,0.939681843798935,1.31067608103812,1.11107189759492,0.925574778975326,1.29656901621451,1.02386910181852,0.882487835419448,1.1652503682176,7,5000
46,ATE_intercept,0.95347600825006,0.810546754127131,1.09640526237299,0.797490262925923,1.1094617535742,0.78523442302811,1.12171759347201,1.242067881318,0.998394322421421,1.48574144021458,1.20625810844927,0.962584549552692,1.44993166734585,0.993406126137233,0.85200034865828,1.13481190361619,7,5000
47,ATE_intercept,0.839609300405053,0.698028877573461,0.981189723236644,0.685095601203221,0.994122999606884,0.487768382916533,1.19145021789357,0.247495643678968,-0.747881412802361,1.2428727001603,0.340715864102888,-0.65466119237844,1.33609292058422,0.888145422554136,0.747981293115377,1.02830955199289,7,5000
48,ATE_intercept,0.889593514310296,0.744386929390027,1.03480009923056,0.731122405552671,1.04806462306792,0.750777053689293,1.0284099749313,1.20032127762189,0.941736705262891,1.45890584998088,1.18376771050503,0.925183138146033,1.44235228286402,0.954942986641641,0.8149386092964,1.09494736398688,7,5000
49,ATE_intercept,1.15405396008455,1.0092650950866,1.29884282508251,0.996038729683102,1.312069190486,0.975553278768905,1.3325546414002,0.931116193218259,0.0964208084111625,1.76581157802535,0.952966892003308,0.118271507196211,1.7876622768104,1.09132509429939,0.950925132080456,1.23172505651832,7,5000
50,ATE_intercept,0.993358474920266,0.846474250095469,1.14024269974506,0.833056474981551,1.15366047485898,0.985658665221624,1.00105828461891,1.08386288564603,0.894662146953045,1.27306362433902,1.07906915770987,0.889868419016889,1.26826989640286,0.987495880231897,0.844069597633976,1.13092216282982,7,5000
51,ATE_intercept,0.8950933588827,0.745920290185903,1.0442664275795,0.732293430724214,1.05789328704119,0.835872290047524,0.954314427717876,0.887183629417973,0.221873521538703,1.55249373729724,0.894451745036419,0.229141637157149,1.55976185291569,0.964523050478724,0.818538918284913,1.11050718267253,7,5000
52,ATE_intercept,0.990053064269314,0.84513097821092,1.13497515032771,0.831892443153185,1.14821368538544,0.67967788084671,1.30042824769192,1.08204949613321,0.816024482216312,1.3480745100501,1.07285647436599,0.806831460449101,1.33888148828289,1.00387593332099,0.862448139103994,1.14530372753798,7,5000
53,ATE_intercept,1.13313965940315,0.988323292501818,1.27795602630449,0.975094414817953,1.29118490398836,1.10003799098243,1.16624132782388,1.05863747398762,0.862674285769903,1.25460066220535,1.09361706465077,0.897653876433051,1.28958025286849,1.12216603367675,0.983264405469087,1.26106766188442,7,5000
54,ATE_intercept,0.894582250971769,0.750172533936518,1.03899196800702,0.736980803444325,1.05218369849921,0.584327673277821,1.20483682866572,0.85942387045424,0.668645155801633,1.05020258510685,0.872023240832517,0.681244526179911,1.06280195548512,0.883063763430849,0.741924995338526,1.02420253152317,7,5000
55,ATE_intercept,0.92917991026036,0.786031359850495,1.07232846067022,0.772954836081018,1.0854049844397,0.928464052414494,0.929895768106226,1.01607590277256,0.790530667742765,1.24162113780235,1.01329091681664,0.78774568178685,1.23883615184644,0.915747606212128,0.775300684781553,1.0561945276427,7,5000
56,ATE_intercept,1.0251185003095,0.885005201460898,1.16523179915811,0.872205945879421,1.17803105473958,0.899633834346012,1.15060316627299,1.04369751970944,0.824663258997552,1.26273178042133,1.04962384357685,0.830589582864965,1.26865810428874,1.00154459641172,0.861813245927927,1.14127594689552,7,5000
57,ATE_intercept,1.04951312463216,0.903452725660242,1.19557352360408,0.890110206483715,1.2089160427806,0.961488038129384,1.13753821113494,1.04780964140177,0.851658440816943,1.2439608419866,1.06345039738196,0.867299196797126,1.25960159796679,1.05441989436929,0.912344224449298,1.19649556428928,7,5000
58,ATE_intercept,1.07840922862203,0.938561136121482,1.21825732112257,0.925786106961469,1.23103235028259,0.982778556871528,1.17403990037253,0.989994941356311,0.798939008734233,1.18105087397839,1.02329537630948,0.832239443687397,1.21435130893155,1.05027055289462,0.911595819884122,1.18894528590512,7,5000
59,ATE_intercept,0.871492713738442,0.726220025480772,1.01676540199611,0.712949463148019,1.03003596432886,0.685057395865794,1.05792803161109,2.1172223206426,0.648512753573487,3.5859318877117,2.12807758986631,0.659368022797199,3.59678715693542,0.98332223936277,0.842272007217771,1.12437247150777,7,5000
60,ATE_intercept,0.93987855617291,0.794308518469711,1.08544859387611,0.781010793465166,1.09874631888065,0.818270423973737,1.06148668837208,0.687109643883973,0.39767079152564,0.976548496242305,0.753768268313785,0.464329415955452,1.04320712067212,0.971525652772698,0.8282170802081,1.1148342253373,7,5000
61,ATE_intercept,0.99062310790238,0.845056764384163,1.1361894514206,0.831759376840931,1.14948683896383,0.732605120155955,1.24864109564881,0.736346066732191,0.438981601345628,1.03371053211875,0.790988743406018,0.493624278019455,1.08835320879258,1.05556501431044,0.915203919645413,1.19592610897546,7,5000
62,ATE_intercept,0.923361582803401,0.776207446915004,1.0705157186918,0.762765015607024,1.08395814999978,0.840846257613721,1.00587690799308,0.802307562410401,0.48263511225413,1.12198001256667,0.865901687407142,0.546229237250871,1.18557413756341,1.01625482781508,0.874912644041972,1.15759701158818,7,5000
63,ATE_intercept,1.09588235288972,0.950256597262096,1.24150810851735,0.936953782462641,1.2548109233168,1.0483998755623,1.14336483021715,0.821128771908988,0.526665822394188,1.11559172142379,0.883422548211163,0.588959598696362,1.17788549772596,1.01147998566791,0.869670229631705,1.15328974170412,7,5000
64,ATE_intercept,0.93524673938603,0.788676624541948,1.08181685423011,0.775287543163436,1.09520593560863,0.782807681262633,1.08768579750943,0.909447255100587,0.697814716678701,1.12107979352247,0.934814137512905,0.723181599091019,1.14644667593479,0.92978597517324,0.788157989023047,1.07141396132343,7,5000
65,ATE_intercept,0.999190367427446,0.856297429031508,1.14208330582338,0.843244255247526,1.15513647960737,0.878200862958251,1.12017987189664,0.624285842473697,0.00912743265413163,1.23944425229326,0.658894241917245,0.0437358320976795,1.27405265173681,0.943136910005506,0.800707223552882,1.08556659645813,7,5000
66,ATE_intercept,0.984602796604325,0.839442936351342,1.12976265685731,0.826182680780906,1.14302291242774,0.938151464999401,1.03105412820925,1.15095481229373,0.650078286505308,1.65183133808215,1.12325145979094,0.622374934002521,1.62412798557936,1.00178900486149,0.860554161606875,1.1430238481161,7,5000
67,ATE_intercept,1.10868896743489,0.965246518628006,1.25213141624178,0.952143147437696,1.26523478743209,1.01684620760935,1.20053172726043,0.854571818451078,0.378559333392404,1.33058430350975,0.920641808115559,0.444629323056885,1.39665429317423,1.15306861693259,1.01589193691004,1.29024529695515,7,5000
68,ATE_intercept,0.991739618988396,0.850533133151312,1.13294610482548,0.837634015673934,1.14584522230286,0.879039307614794,1.104439930362,0.880191868253078,0.724288678919637,1.03609505758652,0.908798415730709,0.752895226397268,1.06470160506415,0.969187884695083,0.828735122641496,1.10964064674867,7,5000
69,ATE_intercept,0.983973877706628,0.840542429664719,1.12740532574854,0.827440063386887,1.14050769202637,0.75557844618195,1.21236930923131,0.141166939794957,-0.592091338926717,0.874425218516632,0.242831570144063,-0.490426708577611,0.976089848865738,0.862333611017256,0.723572783651743,1.00109443838277,7,5000
70,ATE_intercept,1.08117099907762,0.938223819165255,1.22411817898998,0.925165690455241,1.2371763077,1.06083882514394,1.1015031730113,1.28222084540075,1.11786459384127,1.44657709696023,1.25942801770362,1.09507176614413,1.4237842692631,1.11512002125922,0.97170649911187,1.25853354340656,7,5000
71,ATE_intercept,1.06986828182401,0.924022390466426,1.21571417318159,0.910699466416147,1.22903709723187,0.864281409924734,1.27545515372328,1.11936601812936,0.907594907394245,1.33113712886448,1.12006941851203,0.908298307776914,1.33184052924715,1.07953655265641,0.937043349686297,1.22202975562652,7,5000
72,ATE_intercept,0.981451215060629,0.842484738257528,1.12041769186373,0.829790244098325,1.13311218602293,0.619331419885022,1.34357101023623,1.33895199400029,0.880076839056344,1.79782714894424,1.30051605577434,0.841640900830389,1.75939121071829,1.09726173683134,0.959804529969651,1.23471894369303,7,5000
73,ATE_intercept,0.997565906843665,0.85519841495505,1.13993339873228,0.842193240355992,1.15293857333134,0.798884674027396,1.19624713965993,0.876827233355289,0.540295178745727,1.21335928796485,0.892025651939963,0.555493597330401,1.22855770654953,1.03446586050857,0.894403812718205,1.17452790829894,7,5000
74,ATE_intercept,0.835306494333376,0.691805983778899,0.978807004887852,0.67869730868701,0.991915679979741,0.590675382289328,1.07993760637742,1.00902527687506,0.788691654090875,1.22935889965924,0.992638561665414,0.77230493888123,1.2129721844496,0.847005149301738,0.705346050830659,0.988664247772818,7,5000
75,ATE_intercept,1.00255335776901,0.860054671676116,1.14505204386191,0.847037512574764,1.15806920296326,0.85474608327403,1.15036063226399,0.821986847485663,0.583702649540258,1.06027104543107,0.85841558419093,0.620131386245525,1.09669978213634,0.982709590625811,0.841769853971859,1.12364932727976,7,5000
76,ATE_intercept,1.11496172803896,0.969650905225429,1.26027255085249,0.956376859326655,1.27354659675126,1.04549290022805,1.18443055584986,0.976794581870441,0.70204569900708,1.2515434647338,1.01405438083545,0.739305497972088,1.28880326369881,1.10565430920241,0.962823890678552,1.24848472772628,7,5000
77,ATE_intercept,0.936526671335551,0.791356869150209,1.08169647352089,0.778095705390941,1.09495763728016,0.788943025184903,1.0841103174862,1.28414579857355,0.601650977895154,1.96664061925194,1.24345659442877,0.560961773750373,1.92595141510716,0.926747899563567,0.784719072940904,1.06877672618623,7,5000
78,ATE_intercept,0.930810962943137,0.788466495383042,1.07315543050323,0.775463424040903,1.08615850184537,0.782545301768748,1.07907662411753,0.784771099761927,0.0706446015890495,1.4988975979348,0.787389295984045,0.073262797811168,1.50151579415692,0.989008731786295,0.849878740784846,1.12813872278774,7,5000
79,ATE_intercept,0.883854884565648,0.74025103707466,1.02745873205664,0.727132922223145,1.04057684690815,0.671337793436452,1.09637197569484,0.741797720720005,0.2030215201638,1.28057392127621,0.759302092914176,0.220525892357972,1.29807829347038,0.848471659328238,0.705461246836578,0.991482071819898,7,5000
80,ATE_intercept,1.12638954831447,0.981380378071346,1.27139871855759,0.968133887931927,1.28464520869701,0.992159990455828,1.2606191061731,0.749649346824368,0.227117196559865,1.27218149708887,0.820927987639351,0.298395837374848,1.34346013790385,1.0860869574255,0.94345078714088,1.22872312771011,7,5000
81,ATE_intercept,0.969014078420422,0.828074206683717,1.10995395015713,0.815199444225032,1.12282871261581,0.942274478061562,0.995753678779282,0.987811187790556,0.766821972861462,1.20880040271965,0.993038294326714,0.77204907939762,1.21402750925581,0.958386009547969,0.819722953384588,1.09704906571135,7,5000
82,ATE_intercept,0.921661568880544,0.775869425558893,1.0674537122022,0.762551411355535,1.08077172640555,0.508111252061013,1.33521188570007,0.944679530309572,0.599723689797846,1.2896353708213,0.952233927192842,0.607278086681116,1.29718976770457,0.912137732318017,0.76966730373648,1.05460816089955,7,5000
83,ATE_intercept,0.897480566387848,0.753147461281894,1.0418136714938,0.739962729237898,1.0549984035378,0.826591358315783,0.968369774459914,1.13658192515495,0.967901941348649,1.30526190896126,1.10575002866986,0.937070044863556,1.27443001247616,0.924981382104735,0.783300287160795,1.06666247704868,7,5000
84,ATE_intercept,1.00097066215194,0.856397699043932,1.14554362525996,0.843191056132825,1.15875026817106,0.789017739593436,1.21292358471045,0.756268177712199,0.404035798866905,1.10850055655749,0.790054012322318,0.437821633477024,1.14228639116761,0.993654165458804,0.853011816588767,1.13429651432884,7,5000
85,ATE_intercept,1.0411717851516,0.890614726161763,1.19172884414144,0.876861440117955,1.20548213018525,0.980804768718447,1.10153880158475,0.972625657473916,0.860643523200763,1.08460779174707,1.00619056604404,0.894208431770887,1.11817270031719,1.12110048902618,0.977329920890633,1.26487105716172,7,5000
86,ATE_intercept,0.958687207125122,0.820259954019272,1.09711446023097,0.807614717582023,1.10975969666822,0.873039677190017,1.04433473706023,1.04344765858878,0.912961549510448,1.17393376766711,1.05624898786871,0.925762878790379,1.18673509694704,0.986916343981983,0.84966122120249,1.12417146676148,7,5000
87,ATE_intercept,0.914984012234828,0.771117432459123,1.05885059201053,0.757975317190166,1.07199270727949,0.848687650986476,0.98128037348318,1.03836667019521,0.733504555973393,1.34322878441704,1.04039584344773,0.735533729225906,1.34525795766955,0.955431211954492,0.812402794668799,1.09845962924018,7,5000
88,ATE_intercept,1.24981830076169,1.10358358382271,1.39605301770066,1.09022514081717,1.4094114607062,1.13154658252944,1.36809001899393,1.11693723933137,0.742386077940856,1.49148840072189,1.15129699500321,0.776745833612693,1.52584815639373,1.25053404260225,1.1103920592786,1.3906760259259,7,5000
89,ATE_intercept,0.904885147963897,0.7577690612183,1.05200123470949,0.744330105673915,1.06544019025388,0.866006570630067,0.943763725297726,0.975723734738427,0.728411516581372,1.22303595289548,0.990070536793667,0.742758318636613,1.23738275495072,0.996198063838357,0.854855990521278,1.13754013715544,7,5000
90,ATE_intercept,1.04316168159716,0.899114307141298,1.18720905605301,0.885955676399948,1.20036768679436,0.732091599753882,1.35423176344043,1.10659200624733,0.810121110483952,1.40306290201071,1.09232491339899,0.795854017635611,1.38879580916237,0.924996229986777,0.782381053153848,1.06761140681971,7,5000
91,ATE_intercept,0.867414409738649,0.724920297528982,1.00990852194832,0.711903556248786,1.02292526322851,0.829938295727056,0.904890523750242,0.829302399492986,0.700480783460588,0.958124015525383,0.858773893633055,0.729952277600658,0.987595509665453,0.836426030035228,0.695111583735959,0.977740476334497,7,5000
92,ATE_intercept,0.991617655732994,0.852376792055947,1.13085851941004,0.839657232840417,1.14357807862557,0.833778549074981,1.14945676239101,1.00490826903839,0.771510243686237,1.23830629439055,1.01906013371515,0.785662108362994,1.25245815906731,1.03034742077445,0.889038146000711,1.17165669554819,7,5000
93,ATE_intercept,1.07048182458657,0.921659155230403,1.21930449394273,0.908064304512733,1.2328993446604,0.934358748048661,1.20660490112447,1.23910714924292,0.920723111974845,1.55749118651099,1.22205175937138,0.903667722103307,1.54043579663945,1.05440663369131,0.912953282827113,1.1958599845555,7,5000
94,ATE_intercept,0.981703493528972,0.835483133170286,1.12792385388766,0.8221260016287,1.14128098542924,0.78312163029433,1.18028535676361,0.858698277180818,0.744693263833571,0.972703290528065,0.913911848527662,0.799906835180415,1.02791686187491,0.921368121522252,0.78099739692133,1.06173884612317,7,5000
95,ATE_intercept,0.988256149177424,0.854110979091547,1.1224013192633,0.841856908057183,1.13465539029767,0.891879306776542,1.08463299157831,0.634466111959095,0.121194587088775,1.14773763682941,0.697701767393968,0.184430242523648,1.21097329226429,0.947290365694602,0.810186511211252,1.08439422017795,7,5000
96,ATE_intercept,0.906380261105957,0.762343810899907,1.05041671131201,0.749186178081427,1.06357434413049,0.893270810913585,0.91948971129833,1.20378969908657,0.734699580598589,1.67287981757455,1.17710885016735,0.708018731679374,1.64619896865534,0.897542628222197,0.75304249591813,1.04204276052626,7,5000
97,ATE_intercept,1.14051567347146,0.995056671317945,1.28597467562498,0.981769089336158,1.29926225760677,0.956108109568462,1.32492323737446,1.49172170463141,0.685446986351795,2.29799642291103,1.46322646637475,0.65695174809513,2.26950118465436,1.11321597680036,0.973745622400407,1.25268633120031,7,5000
98,ATE_intercept,1.09794264705023,0.951958943589671,1.24392635051078,0.938623430496506,1.25726186360395,0.795865999097921,1.40001929500254,0.927635282050192,0.436486297772426,1.41878426632796,0.972559199665956,0.48141021538819,1.46370818394372,1.17124259124319,1.02778506191621,1.31470012057018,7,5000
99,ATE_intercept,0.950983411417164,0.809926418886929,1.0920404039474,0.797040957522553,1.10492586531178,0.83446428434812,1.06750253848621,1.10530200285579,0.791358597735494,1.41924540797609,1.09424198170272,0.780298576582421,1.40818538682302,0.953411948872517,0.814279516662392,1.09254438108264,7,5000
100,ATE_intercept,1.20587525137985,1.05783975891461,1.35391074384509,1.04431681627631,1.36743368648339,0.997151293072537,1.41459920968716,1.25303237644595,1.10351801994739,1.4025467329445,1.2547025386538,1.10518818215525,1.40421689515235,1.12955754098965,0.990884258574811,1.26823082340448,7,5000
