"Y","A","V1","V2","V3","V4","V5","V6","V7","V8","V9","V10","V11","V12","V13","V14","V15","V16","V17","V18","V19","V20","V21","V22"
0,0,80000,0,2,26,0,0,-1,0,0,-1,42933,34555,35476,24657,12139,9038,1000,35476,1000,243,9038,250
0,0,20000,1,2,22,2,3,2,2,3,2,18292,17710,17137,19830,19240,18419,0,0,3000,0,0,2000
1,1,60000,0,2,32,0,0,0,0,0,0,59738,59389,57656,58290,58213,57076,2700,2100,2100,2200,2100,3000
0,0,200000,0,1,26,0,0,0,0,0,0,29339,21624,22409,11671,5493,3288,2000,1770,2003,900,1800,1569
1,0,180000,0,1,25,-2,-2,-2,-2,-2,-2,0,0,0,0,0,0,0,0,0,0,0,0
0,0,50000,1,1,23,2,3,2,0,0,0,7557,7293,8017,8687,9048,9306,0,1000,810,500,408,500
0,0,30000,0,1,21,1,2,0,0,0,0,33300,30920,31889,30278,26220,29968,0,2326,11406,524,6284,598
1,0,280000,0,2,40,1,-2,-2,-2,-2,-2,-10,-10,-10,-10,-10,-10,0,0,0,0,0,0
0,0,280000,0,1,37,-1,-1,-1,-1,0,0,733,168,786,1028,889,698,168,786,1028,698,0,0
1,1,490000,0,2,30,0,0,0,0,0,-1,26088,24092,24488,16995,-1527,62491,2003,2041,1092,4,64895,3003
0,0,490000,0,2,33,0,0,0,0,0,0,58308,64927,60011,49409,39945,49932,10000,8160,7000,2000,37000,3000
1,1,180000,0,2,36,-1,-1,-1,-1,-1,-2,360,2240,6071,1554,0,0,2240,6071,1554,0,0,0
1,1,190000,1,3,44,-1,2,-1,2,-1,0,291,291,582,291,582,291,0,582,0,582,0,291
0,0,450000,0,1,33,0,0,0,0,0,0,67139,60995,62728,63223,63011,43156,3000,3000,2000,8110,2600,2000
0,0,500000,0,1,34,0,0,0,0,0,0,80630,80112,81726,74297,66132,67695,3000,3006,2600,3000,2600,2800
1,1,150000,1,1,38,5,4,3,2,2,-2,288585,282677,159283,148309,143972,139650,0,0,0,5000,5000,0
0,0,30000,0,1,23,1,2,0,0,0,0,10764,10454,11862,12104,12351,8000,0,2000,242,247,2000,0
1,1,20000,1,3,23,-1,-1,-1,0,0,0,1706,6354,6849,4113,3910,2547,6394,6849,82,78,51,16522
1,1,260000,1,2,63,-1,-1,-1,0,0,-1,3382,2403,1161,772,383,1661,2519,1201,1,1,1668,2507
0,0,50000,0,2,47,0,0,0,0,0,0,48991,43412,33995,29759,29766,29665,2000,1500,1050,1100,1100,1200
0,1,90000,0,1,33,0,0,0,2,2,2,33035,34178,36133,38240,37325,39725,2000,2500,3000,0,3000,2000
1,1,70000,1,2,30,1,2,0,0,0,0,72576,70775,68184,67172,50596,48876,0,3047,2849,1800,2000,1944
0,0,420000,0,3,27,-2,-2,-1,0,0,0,1486,-3341,116659,119808,122181,130976,2679,120000,5003,5000,10979,5016
1,1,120000,1,1,27,0,0,0,0,0,0,60109,44206,38083,36728,36952,35475,2415,1816,1381,1264,1228,1217
0,0,500000,1,2,33,0,0,0,0,0,0,134503,114682,124240,131006,137911,119343,20031,20029,20058,20127,10000,10027
0,1,240000,1,3,50,0,0,0,0,0,0,140233,134223,130372,128921,120048,121292,4754,4873,5033,4204,4509,5009
0,1,30000,0,3,35,1,2,0,0,0,0,29622,28852,29777,29478,30290,27803,0,1700,1700,1500,1500,1500
1,0,50000,0,1,23,0,0,0,0,0,0,48064,49362,48038,8760,9646,7747,2091,1310,1000,1000,277,296
0,0,280000,0,2,34,0,0,0,0,0,0,82691,75867,76835,70722,60694,62032,3500,3200,2500,2400,2500,2500
0,1,150000,0,2,28,0,0,0,0,0,0,25639,16213,18075,19902,5331,9281,2000,2000,2000,1000,3950,0
0,0,50000,0,2,52,-1,-1,-2,-2,-2,-1,600,972,0,0,0,6500,972,0,0,0,6500,1863
0,1,50000,0,3,40,0,0,0,0,-1,0,117191,48729,49929,-596,28348,30530,2325,2525,283,29334,3000,2000
0,0,90000,0,2,39,-1,2,-1,-1,0,0,2489,1242,1062,1062,1062,0,0,1062,1062,0,0,0
1,0,230000,1,2,26,-2,-2,-1,-1,0,0,-8,-8,3243,20172,26446,58598,0,3251,20174,12000,46100,65000
1,0,30000,1,1,28,-1,-1,-1,-1,-2,-2,598,0,950,0,0,0,0,950,0,0,0,0
1,1,50000,1,2,23,2,2,2,2,2,2,29509,30741,31438,31924,32566,33081,2000,1500,1300,1300,1200,1500
0,0,490000,1,2,51,1,-2,-1,2,0,0,-16,-16,5498,282,28688,26302,0,7504,0,28606,0,2499
0,0,180000,1,2,34,-1,-1,-1,-1,-1,-1,13067,6170,3439,1193,381,1516,6170,3444,1193,381,1516,542
1,1,150000,1,1,40,0,0,0,0,-1,0,123548,94995,52874,64269,73351,68257,4221,3094,30454,100049,5098,30242
1,1,20000,1,2,31,2,2,2,2,0,0,13516,13996,14475,14936,15688,16435,1000,1000,1000,1000,1000,700
0,0,160000,0,1,35,-1,-1,-1,-1,-1,-1,19082,2815,27380,10028,2824,9940,2815,27380,10050,3000,9940,12498
1,1,510000,1,3,31,1,-1,0,0,0,0,0,14370,17023,9706,7271,9551,14370,3500,2500,1380,2380,3000
1,1,310000,0,3,38,-2,-2,-2,-1,0,0,-41,8198,342,41726,15051,8663,8239,344,41884,5025,40,3
0,0,200000,1,1,28,-1,-1,2,-1,-1,-1,5765,12386,2662,6023,8303,171059,12453,12,6053,8337,171074,5036
0,0,220000,0,1,33,-1,-1,-1,-1,-1,-1,3217,11428,16838,22237,10684,4262,11435,16876,22237,10684,4262,6500
0,0,100000,1,2,53,2,0,0,0,0,0,43611,45415,47053,47747,48459,49560,2500,2400,1845,2400,2500,0
1,1,80000,0,2,42,0,0,0,0,0,0,42656,39657,30297,30633,31190,30905,1519,2000,2000,1312,3200,1200
0,1,80000,0,2,27,1,2,0,0,0,0,81841,79062,74722,40151,28424,29059,15,2876,2052,625,693,84
1,1,360000,1,3,37,-1,-1,-1,-1,-1,-1,390,390,390,390,390,390,390,390,390,390,390,780
0,0,250000,1,1,46,-2,-2,-2,-2,-2,-2,0,0,500,0,0,0,0,500,0,0,0,0
0,0,50000,1,1,24,0,0,0,0,0,0,31292,32766,34426,34725,18049,19593,2000,2500,1353,1500,2000,1501
0,0,150000,0,2,34,0,0,0,0,-1,0,121764,150928,151428,111159,97154,98404,35837,8794,3454,98231,3486,2706
1,0,580000,1,3,67,2,2,3,3,4,6,453985,470915,471175,486776,503914,527711,25704,9464,25065,25703,33000,215
0,0,20000,0,2,35,2,0,0,2,2,2,5890,7282,9455,9154,10001,10046,1500,2454,0,1000,350,0
1,1,20000,1,2,51,0,0,-2,-2,-2,-2,10400,0,0,0,0,0,0,0,0,0,0,0
0,0,500000,0,1,43,-2,-2,-2,-2,-2,-2,270,9390,0,14153,5254,11676,9483,0,14153,5274,11676,2276
0,0,190000,1,2,23,0,0,0,0,0,0,223483,183900,182911,156432,152708,133584,11837,6070,5136,5183,5237,4396
1,1,60000,0,1,23,0,0,2,0,0,0,59423,63347,61183,29052,29087,27296,5500,146,1500,1200,1500,1500
0,0,60000,0,2,42,0,0,0,0,0,0,58264,57923,58987,17350,17937,17298,3200,3000,800,1000,1000,1000
0,0,60000,0,2,31,0,0,0,0,0,0,58173,59626,55775,28187,28978,27119,3400,2300,1200,1200,1500,1500
0,1,20000,0,2,22,0,0,2,0,0,0,14413,16474,16510,16566,17370,19905,3000,1000,1000,2000,3000,0
0,0,220000,0,1,30,0,0,0,0,-1,-1,22959,37955,25741,17875,14639,27042,20066,1318,1102,14710,28087,1174
0,0,20000,1,1,33,1,2,2,2,2,2,17971,17399,19057,18453,19755,19288,0,2260,0,1600,0,644
0,0,90000,0,2,24,0,0,0,0,0,2,83590,84960,85744,79963,70021,70853,3200,3110,4677,3200,2500,2500
0,1,500000,1,1,45,-1,-1,-1,-1,-1,0,1302,5230,3373,14071,2915,157,5308,3527,14133,2928,2,343
0,1,360000,1,2,31,0,0,0,0,0,0,281600,281178,265549,244053,239088,193401,14128,11208,6554,7248,7122,6144
1,1,130000,1,2,44,0,0,0,-1,-1,-2,139892,131365,9910,12909,0,0,6179,1969,131000,0,0,1700
1,1,50000,0,3,24,0,-1,-1,2,2,-1,10901,16877,9673,7755,6701,15567,22514,4000,8,3000,19000,3500
0,0,170000,0,2,51,-1,-1,-1,-1,-1,-1,3022,2742,4592,3798,8717,4362,2751,4592,3798,8774,4362,12114
0,0,130000,0,3,32,0,0,0,0,0,0,12535,14317,15656,4918,6918,8944,2000,2040,3000,2000,2026,6561
0,0,240000,1,1,35,-2,-2,-2,-2,-1,-1,15432,10835,22134,32823,1897,5627,10851,22258,20076,2099,5827,0
0,0,50000,1,2,47,2,0,0,0,0,0,10492,11913,13012,13789,14560,15025,1600,1600,1300,1000,700,600
1,0,210000,1,3,37,-1,-1,-1,-1,-1,-1,2359,1519,1939,1939,1939,1520,1519,1939,1939,1939,1520,2358
0,0,310000,1,1,33,1,2,0,0,0,0,232244,157098,84865,70995,45838,36252,40,3959,2807,2000,3000,2000
0,0,200000,1,2,29,0,0,0,0,0,2,7468,34399,36792,49648,33498,30895,30035,10008,15011,5010,153,14100
0,0,50000,0,3,26,-1,2,0,0,0,0,6064,5432,6090,6626,6513,6097,0,1136,1062,339,187,364
0,1,230000,1,2,29,-2,-2,-2,-2,-2,-2,200,840,0,3458,499,5180,840,0,3458,499,5180,0
0,0,500000,0,2,53,-1,-1,-1,-1,0,-1,7855,17481,12021,132906,122256,37380,17512,12021,132906,0,37380,3500
0,0,140000,0,3,47,6,5,4,3,2,0,151790,147998,144280,139701,90756,92935,0,0,0,0,3000,2000
0,0,50000,0,3,27,0,0,0,2,2,2,41991,42736,45821,46767,45886,48701,1720,3805,2000,0,3581,0
0,1,50000,0,0,40,0,0,0,0,0,0,44749,46229,46798,47647,40500,41921,2229,2298,2100,2500,1921,8432
0,0,50000,0,2,48,0,0,0,0,0,0,10929,13262,14273,14555,14860,15155,2526,1237,519,538,541,560
0,0,50000,0,3,30,0,0,2,0,0,0,50332,51247,50073,26550,25842,25996,4210,0,1500,1090,2000,2000
0,0,100000,0,3,54,1,2,2,2,0,0,66212,64021,66362,61417,57893,58212,0,6700,60,2200,2500,2300
1,0,90000,0,2,23,2,0,0,0,0,0,87669,86653,57819,30895,14543,9329,3499,3000,3000,10000,2000,10000
0,0,360000,0,1,33,-2,-1,2,-1,0,0,0,883,887,26292,22279,550,883,4,26514,557,550,2500
0,0,200000,0,1,35,0,0,0,0,-2,-2,20375,12588,9571,0,0,0,1089,1526,0,0,0,0
0,1,280000,0,3,46,2,2,0,0,0,0,506515,491801,62236,54813,38669,18010,0,1803,1475,1105,534,318
0,0,70000,0,2,34,2,2,2,2,2,2,16965,17398,18310,18611,18966,19403,1000,1500,900,800,900,2000
0,0,290000,1,1,40,0,0,0,0,0,0,98441,95169,93718,89712,82809,76334,4000,4250,5000,3241,3500,7000
0,0,230000,0,1,29,1,-2,-1,-1,-1,-1,0,0,249,0,449,1530,0,249,0,449,1530,0
0,1,90000,0,2,25,0,0,0,0,0,0,67004,65533,67475,69136,51217,50490,3000,3000,3000,2000,2000,2000
0,0,340000,0,2,26,0,0,0,0,0,0,95878,97594,99835,102801,106263,98797,4500,5000,6000,7000,6000,30000
1,0,200000,1,1,38,0,0,0,2,2,2,180486,183076,195535,190960,202139,194326,7000,15500,0,14184,0,6700
0,0,500000,1,1,29,0,0,0,0,0,0,367965,412023,445007,542653,483003,473944,55000,40000,38000,20239,13750,13770
0,0,370000,0,2,39,0,0,0,0,0,0,181221,180616,114073,57660,23093,18436,10073,6367,5100,2000,3000,3000
0,0,10000,1,2,35,2,0,0,0,0,0,9242,9159,10004,9722,10044,9856,1315,1160,1139,1241,345,580
1,0,220000,0,2,30,-1,-1,-1,-1,0,0,596,892,7681,11642,23030,22449,892,7681,20000,20000,0,0
1,1,50000,1,1,32,2,0,0,2,0,0,16434,17550,21414,20774,21177,21612,1688,4476,0,888,788,1088
0,0,70000,0,2,36,0,0,0,0,0,0,67864,59165,29314,28844,29443,30101,2044,1773,1181,1215,1297,1008
0,0,90000,0,3,54,0,0,0,0,0,0,18131,18219,36190,17754,11104,11234,2301,1354,2906,370,381,376
0,0,210000,1,1,39,-1,-1,2,2,-1,2,3391,775,450,125,800,325,1000,0,0,1000,0,650
0,0,110000,0,2,25,0,0,0,0,0,0,50406,45099,46002,44701,42706,43513,1800,1800,1700,1500,1600,2000
1,0,210000,1,2,45,0,0,0,0,0,0,82902,84897,56023,57137,58333,59373,3814,2931,2045,2117,2010,1853
1,1,260000,1,1,30,-1,0,-1,-1,-1,-1,27378,17082,13333,99,99,172104,10018,13333,99,99,172104,30013
1,1,360000,1,2,31,-1,-1,-1,0,0,-1,744,9613,18748,18694,11606,7516,9667,18781,6729,58,7553,8758
0,1,210000,0,2,41,-1,-1,-1,-1,-1,-1,3088,1586,343,3763,877,0,1586,343,3763,877,0,419
0,1,100000,0,2,36,2,2,2,2,2,2,78063,79346,77977,79071,76918,81713,3500,3300,3000,0,6500,3000
1,1,270000,0,2,32,2,0,0,0,0,0,276339,264141,270573,275560,243792,251098,11000,12000,11000,8700,11077,34000
0,0,190000,0,1,39,2,2,0,0,0,0,171462,163148,165281,173231,132145,146854,0,10000,15000,10091,20000,10000
1,1,260000,1,1,38,0,-1,-1,-1,-1,0,3953,3953,3953,3953,16466,14246,3953,3953,3953,16466,2000,5217
1,1,80000,0,2,37,1,2,0,0,0,0,79900,64815,52806,57028,59456,55623,21,1819,5000,4000,4000,1894
1,1,80000,0,2,25,1,-2,-2,-2,-1,-1,0,0,0,0,13369,0,0,0,0,13369,0,0
0,0,120000,0,2,23,0,0,0,0,0,0,115653,108971,83592,22321,32150,36644,5000,5000,2000,20000,10000,10000
0,0,160000,1,1,48,-1,2,2,-2,-2,-2,23037,22260,0,0,0,0,0,0,0,0,0,0
0,1,20000,1,2,28,1,2,2,2,0,0,2013,1837,3831,2825,1970,1735,0,2212,0,0,175,0
0,0,230000,0,1,33,0,0,0,0,0,0,10765,11107,11748,12269,12102,12414,1300,1300,1200,500,500,500
1,1,60000,1,2,37,1,2,3,4,4,3,22007,24360,26647,27912,26889,29140,3000,3000,2000,0,3000,3000
0,0,230000,0,2,40,0,0,0,0,0,0,33907,35038,36574,36985,37701,30735,2000,2100,1500,1000,1000,1000
1,0,220000,0,1,32,-2,-2,-2,-2,-2,-2,21332,27844,33260,9142,15687,9148,28567,34393,9203,15765,9194,11317
0,0,190000,0,3,27,0,0,2,-1,-1,0,43903,53382,21811,2921,107441,108642,10882,0,2921,107441,4000,3700
0,1,10000,1,2,45,0,0,0,2,0,0,7139,8416,9815,9508,9754,10192,1400,1700,0,400,600,200
1,1,230000,0,2,31,1,-1,0,0,0,0,0,2716,3648,6648,7982,9203,2716,1000,3000,4000,2000,1000
0,0,90000,1,3,27,2,2,2,2,0,0,90221,91898,91334,59253,58519,58443,4000,2090,0,2078,2900,2000
1,1,280000,1,2,44,0,0,0,0,0,0,159967,164197,122611,119023,113754,115029,7822,4529,4238,4305,4208,4003
0,0,50000,0,2,33,0,0,0,0,2,2,40738,43923,45409,47718,46480,48756,4200,2500,3500,0,2800,1400
0,0,80000,0,2,35,0,0,0,0,0,0,28590,27635,26808,27680,26658,27324,1500,1600,3400,1300,3000,2000
1,0,30000,1,3,29,-1,-1,-1,-1,-2,-2,390,0,780,0,0,0,0,780,0,0,0,0
0,0,170000,1,1,35,0,0,0,0,0,0,51207,38528,34688,30542,61032,23711,5000,2000,3000,1000,6000,8753
0,1,200000,1,1,34,-1,-1,-1,-1,0,0,5392,1938,4819,13074,2070,0,1938,4819,13074,0,0,790
0,0,400000,0,2,30,0,0,-1,-1,-1,-1,161226,139481,17939,10315,22728,11493,5000,17939,12845,22728,11493,10703
0,1,110000,1,3,27,0,0,0,0,0,-2,108435,109572,45907,5130,2889,78834,3509,1102,1014,2889,82718,3100
1,0,100000,0,1,30,0,0,0,0,0,-1,43717,29954,24551,16333,9776,58408,3000,2500,2000,1000,58408,5800
0,0,230000,0,1,39,0,0,0,0,0,0,219712,208532,229229,143168,145270,141874,30500,25000,10000,5000,5000,18000
0,1,60000,1,1,38,1,2,0,0,2,2,49808,48736,49525,57564,56517,81397,0,1900,8900,0,26000,2100
0,0,90000,1,1,31,2,2,2,0,0,2,90322,92257,89939,91176,91331,87588,4300,0,3656,7100,0,7200
0,0,210000,1,1,29,0,0,0,0,0,0,183214,167757,170663,169291,140384,138574,6000,8000,5556,5100,5016,5200
0,0,50000,0,3,42,0,0,0,0,0,0,13562,14821,16657,17863,16811,16802,1500,2500,1518,1000,2000,1000
0,0,400000,1,1,37,-1,-1,-1,-1,-1,-1,1783,1251,629,0,303,219,1251,629,0,303,219,1640
0,0,200000,1,1,34,3,2,-1,-1,-1,-2,1571,361,1716,460,0,0,0,1716,460,0,0,0
1,0,310000,0,1,36,-1,-1,-1,-1,-1,-1,6514,8619,6204,2905,7944,13125,8619,6206,2905,7944,13524,16233
0,0,220000,0,1,35,1,-2,-2,-2,-2,-2,0,0,0,0,0,0,0,0,0,0,0,0
0,1,90000,0,2,26,0,0,0,0,2,2,70206,71353,72707,74101,72818,73940,3300,3168,3143,2700,3600,1700
0,0,360000,0,1,33,-1,-1,-1,-2,-2,-2,898,11573,0,0,0,0,11573,0,0,0,0,5140
0,1,290000,1,2,36,0,0,0,0,0,0,42512,23991,22416,17016,12567,17199,3000,2010,3000,3000,5000,5000
0,0,210000,1,1,35,-1,-1,-1,-1,-2,-1,205,0,775,0,0,635,0,775,0,0,635,0
1,1,50000,0,2,25,0,0,0,2,2,2,26509,27521,30001,29187,31064,30487,1757,3237,0,2300,0,1100
1,1,140000,0,2,31,1,-2,-2,-1,-1,-1,0,0,0,76,76,76,0,0,76,0,0,0
1,1,50000,1,2,25,2,2,0,0,0,2,7180,6922,7849,8018,8884,8593,0,1200,300,1000,0,1000
0,1,400000,1,1,36,-1,-1,-1,-1,-1,-2,6233,11152,-1,376,0,0,11219,0,377,0,0,1759
0,0,80000,1,2,27,2,-1,-1,0,0,0,1195,553,1074,35783,35488,36020,700,1074,35000,1300,1400,1300
0,0,360000,1,1,38,-1,-1,-1,-1,-1,-1,2513,5023,6664,11358,15479,20934,5066,6704,11415,15556,21039,19073
0,0,60000,1,1,25,0,0,0,0,0,0,13123,14403,16150,17870,19571,21235,1500,2000,2000,2000,2000,1000
0,0,450000,0,2,44,-2,-2,-2,-2,-2,-2,8521,15934,7266,8331,8188,10455,16080,7299,8364,8266,10505,7268
0,1,100000,1,2,44,2,2,2,2,3,2,59586,60842,61749,65130,63816,65011,2800,2500,5000,0,2400,2400
1,0,210000,0,2,24,0,0,0,0,0,0,45685,29287,19689,20629,21193,21484,1609,1362,1302,866,742,1000
0,0,110000,0,3,47,0,0,0,0,0,0,109461,109473,81439,81425,81039,81162,3477,2972,2853,2739,2852,2873
0,0,200000,0,2,35,0,0,0,0,0,0,136264,138994,142744,146363,149920,153107,5000,6000,6000,6000,6000,6000
0,1,180000,0,3,39,2,2,2,2,2,0,10159,12689,12183,13979,13621,14809,2710,0,2000,0,2000,2000
0,0,120000,0,2,59,2,2,2,2,2,2,82172,80266,85919,86910,87893,86370,0,7898,3300,3300,0,3149
0,0,240000,0,1,34,0,-1,-1,-1,-1,-1,1670,1479,1479,1479,1479,1240,1479,1479,1479,1479,1240,1655
1,0,160000,1,2,25,0,0,0,0,0,0,60905,62905,71405,82926,84278,93641,2000,8500,13000,2668,11259,2043
0,1,30000,0,3,34,0,0,-1,2,-1,0,8090,0,3398,2855,2115,521,0,6253,0,2115,0,2000
0,0,200000,1,1,29,-1,-1,-1,0,-1,-1,4810,0,726,726,495,1402,0,726,0,495,1562,1420
0,0,170000,1,1,33,-1,-1,-1,-1,-1,-1,2371,316,316,316,316,316,316,316,316,316,316,1316
1,1,200000,1,2,38,0,0,0,0,0,0,176579,180233,184262,178674,181318,179477,6589,7074,7870,7028,6768,5906
0,0,220000,1,1,33,0,0,0,0,0,0,22708,24330,25918,27479,28877,30237,2000,2000,2000,2000,2000,2000
0,0,410000,1,1,34,-1,0,0,0,0,-1,109256,15134,5063,1019,14585,5370,15000,4867,803,14436,5396,875
1,1,20000,1,3,44,-1,-1,-1,-1,0,0,2522,169,1261,1170,780,390,169,1261,1170,0,0,0
1,1,50000,1,2,24,0,0,0,0,0,0,51112,51086,51365,50579,20413,20452,2109,2388,1602,900,838,707
0,0,230000,0,2,33,1,-2,-2,-1,-1,-2,0,0,0,1990,0,0,0,0,1990,0,0,0
1,1,130000,0,2,45,-1,0,0,0,0,0,131221,128161,128884,124514,67739,69614,10006,5069,3634,2476,3019,2394
1,1,30000,1,3,44,-2,-2,-2,-2,-2,-2,2180,0,0,0,0,0,0,0,0,0,0,0
0,0,100000,1,2,40,0,0,0,0,0,0,86208,173340,36562,37298,39687,40044,3595,3218,1345,3000,1275,440
1,0,230000,1,2,39,-1,-1,-1,-1,-1,-1,326,326,326,326,326,326,326,326,326,326,326,324
1,1,20000,1,2,50,0,0,2,0,0,0,8639,10483,11016,12027,12030,12535,2000,1000,1500,500,700,700
0,0,130000,0,3,38,0,0,0,0,0,0,100443,95794,92765,48481,47779,42362,3516,4112,2007,2516,1119,1016
0,1,250000,0,5,27,0,0,0,0,0,0,127786,60663,49181,34072,33419,33925,3729,1600,2000,1000,1100,900
0,1,120000,1,2,30,0,0,0,0,0,0,77413,70630,61181,52187,49327,41096,5000,3000,2000,2000,1500,1500
1,1,420000,0,1,36,0,0,0,0,0,-1,20326,21629,22354,23150,0,15235,1479,1204,1000,0,15235,242
1,0,60000,0,3,42,0,0,0,0,0,0,58186,58364,59108,38827,39670,37503,2382,2373,1324,1402,1460,1045
1,1,290000,1,2,43,-1,-1,2,0,0,0,172,1930,1752,3710,3848,4285,1930,0,2000,200,500,0
1,1,200000,1,1,31,0,0,0,0,0,0,160292,119080,113723,109447,75423,22919,6036,4002,4005,3002,1002,1002
1,1,50000,1,3,51,0,0,0,0,0,0,48550,46267,46716,29744,30060,29449,2000,1400,984,1013,1006,939
0,1,50000,1,3,44,0,0,0,0,0,0,19951,17221,15816,13983,13638,10657,1282,1253,1170,535,387,405
0,1,210000,0,2,27,2,2,2,0,0,0,170646,174134,167095,161573,122362,116243,7800,16,6800,3800,5134,4000
1,1,40000,1,1,35,-2,-2,-2,-2,-2,-2,0,2277,1521,0,2483,1396,2277,1521,0,2483,1396,1350
0,1,130000,0,3,39,0,0,2,0,0,0,91982,99328,96898,97990,100160,102190,8900,0,3600,3800,3800,5000
0,0,220000,1,1,47,0,0,0,0,0,0,159351,162791,167631,169593,172967,183598,6000,7536,6231,6271,13500,0
1,1,380000,0,1,44,0,0,0,0,0,0,365023,365445,350474,342569,307959,309709,14320,15065,13017,15026,12017,12031
0,0,160000,0,2,27,0,0,0,-2,-2,-2,75652,44675,-183,-218,-218,-218,1020,0,0,0,0,0
1,1,210000,1,1,31,-1,-1,-1,-1,-1,-1,326,326,326,326,326,326,326,326,326,326,326,133
0,0,150000,1,1,41,2,2,2,2,0,0,116699,113358,124745,121249,124237,132252,0,14779,0,5000,10000,5000
1,1,20000,0,2,42,1,2,2,2,0,0,8395,8114,10293,9979,10329,10391,0,2479,0,515,377,617
0,0,30000,0,3,35,2,0,0,0,0,0,28852,29777,29478,30290,27803,25762,1700,1700,1500,1500,1500,1500
0,0,430000,1,1,35,-1,-1,-1,-1,-1,0,5454,2316,12457,26522,28951,11057,2328,12799,27888,29023,12,2929
0,1,20000,0,2,29,0,0,0,0,0,0,15890,13995,13375,14205,15869,16666,2000,2000,1000,2000,1000,1000
0,0,130000,1,1,28,1,-1,-1,-2,-2,-2,0,3000,0,0,0,0,3000,0,0,0,0,1000
1,0,20000,1,2,39,0,0,0,0,0,0,19592,19401,19979,20107,19472,19719,1334,1302,694,707,835,772
0,0,30000,1,2,34,2,0,0,4,3,2,18402,19785,24633,23961,23289,22779,2000,5500,0,0,0,3400
0,0,80000,0,2,34,1,2,2,2,0,0,84720,86221,84062,79076,31984,29306,3808,2804,30,1108,1108,1133
0,0,290000,0,1,40,0,0,0,0,0,0,192432,192512,193999,157500,147150,146936,8000,9008,6000,5000,5200,5100
0,0,40000,0,2,24,2,2,2,2,2,0,28953,35389,34205,39361,35125,35890,6918,0,6000,0,2000,5000
0,0,90000,0,2,34,0,0,0,0,0,0,18358,14764,8374,29525,28333,27879,1300,1300,22000,1000,1012,1400
0,0,50000,0,1,28,0,0,0,0,0,0,48782,47708,49846,49303,29722,29624,2100,3600,2146,1004,1100,1294
0,0,80000,1,1,35,1,-1,2,-1,-1,-1,0,4117,3370,5018,950,-3827,4117,0,5018,0,0,7654
0,0,60000,1,2,22,0,0,0,0,0,-1,60103,52193,44934,17769,10400,1760,3033,2093,560,600,1760,17933
0,0,120000,0,2,23,0,0,0,0,0,0,115653,108971,83592,22321,32150,36644,5000,5000,2000,20000,10000,10000
1,1,30000,0,2,27,0,0,2,2,2,0,17845,20615,19962,18191,12134,6879,3384,0,1450,0,500,2417
0,1,430000,0,1,29,0,0,0,-1,0,0,42130,34785,0,18518,16574,12215,1000,0,18518,5,244,1038
0,1,80000,0,3,45,-1,0,0,0,0,-1,19989,11904,10787,6226,1936,37201,1228,1156,1200,8,37201,591
0,0,230000,0,2,27,-2,-2,-2,-2,-2,-2,326,326,326,326,326,326,326,326,326,326,326,326
0,0,180000,1,1,28,0,-1,2,0,0,0,2569,2834,394,904,2514,4054,2834,0,900,2000,4000,2000
0,1,80000,0,2,25,0,0,0,0,0,0,77440,78418,78015,79571,80121,77304,3500,3000,3500,3000,3000,3000
1,1,50000,1,2,25,2,2,0,0,0,2,7180,6922,7849,8018,8884,8593,0,1200,300,1000,0,1000
0,1,230000,1,2,45,2,2,2,2,0,0,221691,226696,223872,98219,100276,102263,10000,3600,0,3628,3643,3929
1,0,80000,0,2,37,-1,0,0,2,2,2,28652,29869,33071,33531,34184,33503,2000,4000,1300,1500,0,1300
1,1,100000,1,2,25,0,0,0,0,0,0,86098,85014,86735,87321,82289,83850,3200,3155,3504,3001,3301,2839
0,0,140000,0,2,28,0,0,0,0,0,0,138901,140732,140661,100656,49783,49310,5600,5500,2650,36000,1000,620
0,0,330000,0,2,28,0,0,0,0,0,2,221793,225079,229947,233122,246414,253338,10000,10000,8507,17215,11000,0
0,0,30000,0,3,39,0,0,0,0,0,0,27782,5585,29572,26387,11207,0,2023,27887,2000,1000,0,0
0,0,160000,0,2,45,-2,-2,-2,-2,-2,-2,2057,2147,1945,1934,2045,1938,2147,1945,1934,2056,1938,2544
0,0,20000,1,3,45,0,0,0,0,0,0,18011,18083,18500,19014,19019,17484,1500,1400,1243,638,2000,480
0,0,60000,0,3,40,-1,-1,-2,-2,-2,-2,728,0,0,0,0,0,22,10785,0,0,0,0
0,0,20000,1,1,22,0,0,0,0,0,0,14720,15432,16252,14877,9487,-5910,3880,1200,298,5390,4000,9666
0,0,90000,1,1,33,-1,-1,2,-1,-1,2,1650,721,421,2754,309,159,721,0,2833,1000,0,2000
1,1,310000,0,1,39,-1,-1,-1,-1,-1,2,1989,4566,5329,5724,1518,1336,4566,5433,5724,1336,0,3167
1,1,20000,1,2,49,0,0,0,0,0,-2,16348,10535,10720,10120,0,0,2010,1508,1000,0,0,0
0,0,380000,0,1,27,-1,0,0,0,0,0,119628,36965,32932,37368,35543,36756,3250,6200,5000,1543,1776,1483
0,0,170000,0,1,28,0,0,0,0,0,0,130370,131199,128900,125514,127280,128839,6530,4860,22500,4820,4877,4962
0,1,50000,0,2,23,0,0,0,0,0,0,47598,40714,38124,19893,20314,18810,2559,1969,684,713,672,670
1,1,20000,0,3,25,0,0,0,0,0,-2,16591,16442,6401,4300,1304,0,1155,1000,0,1304,0,0
1,1,500000,1,1,30,-1,0,-1,-1,0,0,33269,19084,2601,112075,163165,214575,1248,2601,112212,100000,64575,67810
1,0,160000,0,2,25,2,2,2,2,2,0,158629,162097,163567,163617,156554,156557,7500,5600,5822,14,5700,5800
0,0,90000,0,2,34,0,0,0,0,0,0,30026,29239,14027,13559,14331,14948,2000,1518,1500,1000,1000,1000
1,0,260000,0,2,44,1,-1,-1,-1,-1,-1,-6,1100,2527,1698,0,5062,1106,2527,1698,0,5062,0
0,0,500000,0,2,42,0,0,-2,-2,-2,-2,149838,0,0,0,0,0,0,0,0,0,0,0
1,1,50000,0,1,25,2,0,0,0,0,0,49052,48026,47361,44293,17807,18324,3006,2300,3064,1799,790,1100
1,0,100000,0,1,37,0,0,0,0,0,0,70113,71567,72410,73846,75556,77742,3181,2628,2640,2897,3600,2500
0,0,240000,1,1,35,1,-2,-2,-2,-2,-2,220,0,0,0,0,0,0,0,0,0,0,0
0,0,10000,1,3,42,2,2,0,0,2,0,9013,8714,9121,9926,8898,7667,0,1200,1500,0,1000,3000
0,1,110000,0,3,49,0,0,0,0,0,0,52775,52687,53403,56028,57996,59839,3000,3000,5000,3000,3000,2000
1,0,20000,0,1,24,-1,-1,-1,0,0,0,7795,4110,10269,5880,3330,4339,4112,10269,118,67,2000,2128
0,0,230000,0,3,48,-1,-1,-1,-1,-1,-1,2781,12515,3090,1879,30467,4460,12540,3099,1884,30468,4473,5635
1,1,50000,0,1,38,0,0,0,0,0,0,46179,38055,28857,27495,26344,24879,1881,1683,1064,900,862,1000
0,0,60000,1,1,23,0,0,0,0,0,0,31348,50778,53407,19443,16597,18423,20109,5000,2000,1000,2000,1000
0,1,160000,0,2,23,0,0,0,-1,-1,-2,21905,22473,21380,283,0,-17149,1373,1000,283,0,0,20261
0,0,150000,0,3,42,0,0,0,0,-1,-1,30643,31209,25977,30776,920,0,1237,1354,5153,924,0,0
0,0,100000,0,3,46,1,-1,2,2,-1,0,0,203,203,0,7856,16544,203,0,0,7856,10000,865
0,0,200000,0,3,54,0,0,0,0,0,0,114643,115828,116585,116005,118334,117902,6000,4200,4252,4300,4500,4000
0,0,30000,0,2,40,1,2,2,0,0,0,31230,31348,28034,26251,24133,22527,2007,8,2007,1005,782,2009
0,0,50000,0,2,48,0,0,0,0,0,0,50894,49333,9923,10126,10113,10130,1385,1200,350,400,360,400
0,0,320000,0,1,30,0,0,0,0,0,0,2419,3193,5127,6871,7751,8623,2000,2000,2000,1000,1000,1000
1,1,60000,0,2,24,3,2,2,2,2,-1,150,150,150,150,150,150,0,0,0,0,150,44399
0,1,50000,0,3,40,0,0,0,0,-1,0,117191,48729,49929,-596,28348,30530,2325,2525,283,29334,3000,2000
0,0,110000,0,2,29,0,0,0,0,0,0,104163,92199,85868,74198,69783,66132,3400,3706,3009,2400,2300,2500
0,0,90000,0,3,40,0,0,0,0,0,0,14028,11732,9940,11264,12774,13038,3090,1176,1500,2000,609,478
0,0,60000,0,3,48,2,0,0,0,0,0,43533,39252,38051,37988,38725,39685,1700,1700,2000,1500,1600,1000
1,1,180000,0,1,30,3,2,-1,0,0,0,1782,192,1291,1891,3914,26414,0,1291,600,2023,22500,32800
0,0,40000,0,2,25,0,0,0,0,2,2,40633,40311,39380,41389,40628,41389,4300,2000,2938,0,3700,0
0,0,50000,0,3,52,0,0,0,0,0,0,11463,12763,14149,15162,15463,15788,1500,1600,1252,553,574,747
0,0,400000,0,1,28,0,0,-2,-2,-1,-1,181178,86663,62200,38000,150,193,4000,2000,1000,150,193,3690
1,0,10000,1,3,25,-1,-1,-1,-1,-1,-1,3161,390,390,390,0,1280,390,390,390,0,1280,6380
0,0,100000,1,2,29,0,0,0,0,-1,-1,94453,95860,67782,-2618,95748,101299,3320,5000,0,100000,7186,0
1,0,230000,0,2,39,0,0,-2,-2,-2,-2,24510,0,0,0,0,0,0,0,0,0,0,0
0,1,50000,1,1,26,-1,0,0,0,0,0,18017,18561,19204,19588,20024,18694,1629,1272,656,706,954,700
1,1,260000,0,3,44,0,0,0,0,0,0,259346,234428,176632,129022,131447,135699,9428,6729,5022,4447,5699,5498
0,0,50000,1,3,48,-1,-1,-1,-1,-1,-1,1058,1726,390,390,390,390,1726,390,390,390,390,390
1,0,360000,0,1,30,1,-2,-2,-2,-2,-2,0,0,0,0,0,0,0,0,0,0,0,0
1,1,20000,0,2,24,0,0,0,0,0,0,21838,20544,19991,20305,19349,20467,2349,1296,1000,696,2213,0
0,1,320000,0,2,35,-1,0,0,0,0,0,61687,59130,121486,22337,23358,13536,3500,3300,6000,5000,2000,3000
1,1,50000,1,2,32,0,0,0,0,0,0,50764,50428,49564,21002,20230,19462,2200,1500,1500,2000,1700,2000
0,1,100000,1,2,38,0,0,0,0,0,0,95933,96772,97240,98159,97481,97574,4499,4578,4606,3817,3998,3695
0,0,80000,1,3,30,0,0,0,0,0,0,78010,5976,5812,4788,3758,3812,1106,1060,154,147,127,52
0,0,180000,0,1,32,0,0,0,0,0,-1,17332,14579,17814,8260,9090,4441,4579,5000,2000,4110,4441,3549
0,0,290000,0,1,36,0,0,0,0,0,0,57721,57256,57094,55293,54738,55435,2514,3007,2004,2101,2503,2503
0,0,360000,0,1,27,-2,-2,-2,-2,-2,-2,0,0,7365,0,0,0,0,7365,0,0,0,8665
0,1,200000,0,3,44,0,0,0,0,0,0,34760,37871,39879,42946,46141,46305,4000,3000,4000,4000,3000,3000
0,1,220000,0,2,41,0,0,0,0,0,0,143660,126532,90013,91191,86139,83743,5005,4500,4006,3000,3000,3000
1,0,360000,0,2,37,-1,-1,-1,-1,-1,-1,333,333,5043,333,0,333,333,5043,333,0,333,210
0,0,360000,1,1,29,-2,-2,-2,-2,-2,-2,12018,31282,28823,51120,2222,-34,32038,28982,51379,2233,0,0
1,0,10000,0,2,23,0,0,0,0,0,0,6969,7992,9106,9719,9917,0,1300,1400,1000,198,0,0
0,0,50000,1,2,37,0,0,0,0,0,0,48566,48206,48659,47248,48241,49196,2088,2120,1750,1700,1800,2023
1,1,20000,1,2,23,1,3,2,2,0,0,17529,16967,17176,16605,17185,18340,0,780,0,1000,1600,1000
0,0,320000,0,1,27,0,0,0,0,0,0,55607,62893,59001,61565,59508,66541,11404,8232,10450,9697,16477,11341
0,1,170000,1,1,36,0,0,0,0,2,-1,82898,80400,29253,29196,22400,3605,10000,1400,2500,0,3605,0
0,1,80000,0,1,22,-1,-1,-1,-1,-1,0,1807,133,5395,1182,266,366,133,5395,1182,266,233,0
0,0,130000,1,1,40,2,2,0,0,0,0,80987,79085,82799,86407,88959,97487,0,5000,5000,4000,10000,3724
1,1,250000,1,1,31,-2,-2,-2,-2,-2,-2,0,0,7066,0,0,0,0,7066,145,0,0,2758
0,0,50000,0,1,27,0,0,0,0,-2,-2,45190,45277,44941,0,0,0,5277,4941,0,0,0,0
1,1,20000,1,2,43,2,0,0,2,2,2,9286,10176,12298,11809,12333,11986,1200,2300,0,1015,0,1900
1,1,170000,1,1,36,-2,-2,-2,-2,-2,-2,5470,1701,18406,-979,-1304,2371,2000,19000,0,0,4000,15000
1,0,90000,1,1,30,0,0,0,0,0,0,38921,45577,46496,40244,39903,8629,12000,5000,3000,10000,1000,1838
0,1,30000,0,2,23,0,0,0,0,0,0,24607,24430,23881,24234,24853,7814,1700,1600,1287,1296,500,1550
1,1,30000,0,3,25,0,0,0,0,0,0,25366,27626,22034,16312,14614,0,5000,1000,326,292,0,0
1,1,20000,1,2,30,2,2,2,2,0,0,13269,12391,12326,10621,10400,0,33,3317,0,1000,0,0
0,1,320000,1,1,41,0,0,0,0,0,0,309805,237915,235917,227714,154939,102338,15818,10049,10015,14939,4338,5267
0,1,200000,0,1,37,0,0,0,0,0,0,19149,20103,21543,22765,23374,24134,1500,2000,1500,1200,1200,1200
0,1,60000,0,1,24,0,0,0,0,0,0,57802,58960,60862,59279,59176,58128,2960,2866,2279,2276,2128,2237
1,0,130000,0,2,25,-1,-1,-1,-1,-1,-1,1031,1583,776,776,776,776,1583,1000,776,776,776,12184
0,0,240000,1,2,39,0,0,0,0,0,0,215013,220938,213460,217816,222214,227174,9600,7800,7907,8021,8610,8084
0,0,330000,0,2,47,1,-2,-2,-1,-1,-1,0,0,0,3155,4550,1264,0,0,3155,4550,1264,813
0,0,30000,0,2,34,1,2,0,0,0,0,29678,28878,26758,27462,28014,29826,0,1751,1455,1007,2268,0
0,0,80000,0,2,35,0,0,0,0,0,-1,2227,3432,4416,5275,0,316,1250,1200,1000,0,316,31002
0,0,170000,0,2,45,0,0,0,0,0,0,169625,169944,169829,162988,125969,127643,6081,6336,5205,4452,4592,4677
1,0,80000,1,1,29,0,0,0,0,0,0,78038,79183,81356,63039,64371,65650,3000,3500,3500,2500,2351,2441
0,0,500000,0,3,28,0,0,0,0,0,0,22848,23638,18878,14937,13827,15571,1516,1300,1000,1000,2000,2000
0,0,490000,1,1,35,-2,-2,-2,-2,-2,-2,-13,2639,1610,1231,1419,14143,2652,1618,1237,1426,14214,11493
1,0,220000,0,1,43,-1,-1,-1,-1,-1,-1,4009,1689,12370,12095,1832,4691,1689,12373,12099,1832,5001,10311
0,0,320000,1,2,35,0,0,0,0,0,0,12233,16490,20011,17918,18627,19167,7000,4100,1000,1000,1000,1000
0,0,160000,0,2,27,0,0,0,0,0,0,163418,164211,165587,161950,161680,164031,6200,7600,6100,5900,6300,7500
1,1,250000,0,2,25,0,0,0,0,0,3,25823,26114,27446,28371,4715,4358,1500,1575,1500,1000,0,0
0,0,360000,1,1,36,0,0,-1,-1,-1,-1,331365,338400,493,0,2030,2112,15000,493,0,2030,2112,750
0,1,20000,1,2,26,1,2,2,2,2,2,11338,10870,12380,11884,12894,12540,0,2000,0,1203,0,1700
1,0,60000,0,1,28,2,2,2,2,2,2,22343,24678,25079,24380,26022,26542,3000,1100,0,2200,1100,1000
0,0,180000,0,2,33,0,0,0,0,0,0,165839,153828,158050,149023,135798,112666,20064,30032,20027,40000,10000,0
1,1,210000,0,2,36,0,0,0,0,0,0,143225,142996,144415,148190,147993,131629,6483,5082,6000,5900,4544,4700
1,0,100000,1,1,26,0,-1,0,0,-1,0,1544,1049,2067,1944,389,1221,1100,1200,1000,500,1000,1000
1,0,140000,0,2,37,-1,-1,-1,-1,-1,-1,330,330,330,330,330,947,330,330,330,330,947,2389
0,0,20000,1,2,30,1,2,2,2,0,0,17260,19099,19309,18703,18937,20724,2422,816,0,685,2100,0
0,0,500000,0,2,42,0,0,-2,-2,-2,-2,149838,0,0,0,0,0,0,0,0,0,0,0
0,1,160000,1,2,66,2,2,2,2,2,2,67771,69535,70848,71739,73090,74490,3400,3000,2600,2600,2700,2800
1,1,20000,0,2,37,2,0,0,2,0,0,16429,17450,20358,19722,19616,19228,1300,3200,0,830,750,1000
1,1,30000,1,2,44,2,0,0,0,0,0,17766,18771,19965,20865,23465,24465,1306,1500,1400,3000,1000,0
1,0,20000,0,2,23,0,0,0,0,0,0,4731,6642,11508,16953,17310,18466,2000,5000,6000,626,1441,0
1,0,220000,0,1,29,-1,-1,-1,-1,-1,-1,13488,16105,17563,13184,14111,15549,16130,17563,13184,14111,20239,179580
1,1,120000,1,3,37,-2,-2,-2,-2,-2,-2,2284,2007,1371,4639,360,2650,2007,1371,4639,360,2650,1947
0,1,180000,0,1,26,-1,-1,-1,-1,-1,-1,17517,27856,16285,9632,15025,53941,28000,16370,9676,15098,54207,87358
1,0,270000,0,2,37,-1,-1,-2,-1,-1,-1,304,-22,-348,326,326,304,0,0,1000,326,304,0
1,1,220000,0,2,37,-2,-2,-2,-2,-2,-2,2662,1918,4626,5602,769,5595,1918,4626,5602,769,5595,2538
0,0,270000,0,1,36,-2,-2,-2,-2,-2,-2,3291,0,0,0,0,0,0,0,0,0,0,0
0,0,100000,1,3,52,0,0,2,2,2,0,4657,6068,6418,6781,6144,7638,1500,1000,1000,0,2000,2000
0,0,260000,1,2,32,0,0,0,0,0,0,106093,95060,90948,84986,84491,72248,4410,6500,9500,10000,9000,8000
1,1,20000,1,2,56,0,0,2,2,2,0,15397,17819,18239,19094,12393,13037,3000,1000,1500,0,1000,1000
0,0,180000,0,2,34,0,0,0,0,0,0,18314,18630,19126,12939,6939,3439,2000,2000,1042,0,0,191
0,1,140000,0,2,36,0,0,2,2,0,0,134783,142708,143475,136331,135778,135910,12800,5000,0,5100,5000,5000
0,0,100000,0,3,46,0,0,0,0,0,0,94657,81175,63464,45910,46996,42935,3000,2009,3000,2000,2000,1701
0,0,170000,0,1,44,-1,-1,-1,-1,-1,-1,29940,15903,5641,2194,18601,2557,15927,5641,2194,18601,2557,3871
1,1,20000,1,2,43,0,0,2,0,0,0,13817,15398,15852,16862,17197,17558,1815,1000,1279,614,637,2350
1,1,350000,0,1,44,3,2,2,2,2,2,314607,322032,327193,333278,340791,348006,14000,12000,13000,13000,13000,12200
1,1,260000,0,3,51,-2,-2,-2,-2,-2,-2,1821,7091,1546,37708,4080,11036,7091,1555,37708,303,7500,0
0,0,180000,0,2,31,-2,-2,-2,-2,-2,-2,0,2813,12937,50500,0,0,2813,12937,50500,0,0,0
1,1,130000,0,1,31,0,0,0,0,0,0,128319,131825,127949,129357,126999,126719,6300,4800,5000,4700,5000,5000
0,0,230000,0,1,37,-2,-2,-2,-2,-2,-2,-18,-18,-18,-18,-18,-18,18,0,0,0,0,0
0,0,310000,0,1,43,-2,-2,-2,-2,-2,-2,14619,1881,13750,9837,7785,14460,12484,13961,9838,7785,14460,14195
1,0,280000,0,2,43,-2,-2,-2,-2,-2,-2,14633,5600,13397,20004,10571,8430,5600,13397,20004,10571,8430,13561
1,1,180000,1,2,37,-1,-1,-1,-1,-1,-1,5480,11834,17380,8329,20406,9772,11850,17552,8333,20406,9772,9315
0,0,140000,1,1,30,0,0,-2,-2,-1,-1,5600,0,0,0,5302,10251,0,0,0,5302,5251,0
0,0,200000,0,2,24,0,0,0,0,0,0,21447,23429,26158,29486,27166,25954,2649,3500,4008,1098,1500,1000
0,0,450000,1,1,45,0,0,0,0,0,0,201015,177028,136434,126121,115050,105901,10000,6000,5087,5000,5000,5000
1,1,170000,0,2,37,1,-1,-1,-1,0,0,0,213,2592,13199,3685,986,213,2592,13204,0,986,0
1,0,200000,0,2,36,0,0,0,0,0,0,9738,10749,11773,12784,13039,13314,1177,1201,1212,467,485,1147
1,0,220000,0,2,31,2,2,2,2,0,0,182176,176797,187033,171021,167789,168417,0,14179,0,7000,10000,12000
0,1,50000,0,3,59,0,0,0,0,0,0,37201,27863,27712,28433,21449,20688,1503,1352,1073,1077,900,1000
1,1,50000,1,1,50,0,0,0,-1,-1,-1,47155,23882,10054,3122,8471,6315,2000,4038,3129,8471,12508,19216
0,0,320000,1,1,34,-1,-1,-1,-1,-1,-1,744,2291,2197,3934,5541,3141,2297,2203,3957,5557,3150,3056
0,0,30000,0,1,23,0,0,2,0,0,2,12936,15904,15364,16798,19203,18757,3200,0,2000,3000,0,2000
0,0,170000,0,1,28,0,0,-2,-2,-2,-1,2300,0,0,0,0,150,0,0,0,0,150,150
0,1,60000,0,2,27,0,0,0,0,0,-1,40831,34613,28178,23199,572,27425,1617,1616,1008,1036,28848,1100
0,0,150000,1,2,33,0,0,2,2,2,2,53224,57297,52714,56329,57311,56265,5000,0,4500,2500,0,2500
0,0,50000,0,1,25,0,0,0,0,0,0,30587,30440,30367,30621,30150,30246,1800,1900,1800,1500,1450,1500
0,0,320000,0,2,39,0,0,0,0,0,0,147440,137938,131816,120761,120375,120897,5009,6125,4001,4013,5000,4015
0,0,60000,0,2,41,0,0,0,0,0,0,16194,17120,14232,14676,1976,2976,1518,1556,1000,300,1000,0
0,0,250000,0,1,53,-1,-1,-1,-1,-1,0,440,439,440,440,880,440,439,441,440,880,0,590
0,0,450000,1,1,41,-1,-1,-2,-2,-2,-2,560,0,0,0,0,0,0,0,0,0,0,2274
0,0,280000,0,2,32,0,0,0,0,0,0,11561,12662,13752,14815,15168,15523,1300,1300,1300,600,600,600
0,0,50000,0,2,26,0,0,0,0,0,0,14661,11586,9275,11181,2931,27209,3000,1000,5000,0,25000,5000
0,0,80000,0,1,22,0,-1,0,0,0,0,6518,65145,53655,50279,41166,28657,65145,2386,2000,2000,3000,1000
0,0,30000,0,2,38,1,-2,-2,-1,2,2,0,0,0,239,89,589,0,0,239,0,500,0
1,0,200000,0,1,31,-1,-1,0,0,0,-1,1041,1053,3042,1381,1381,27106,2000,2011,0,0,27106,35200
0,0,190000,1,2,35,1,-2,-1,-1,-2,-2,0,0,100104,0,0,0,0,100104,0,0,0,0
0,1,320000,1,1,42,0,0,0,0,0,0,19252,21351,20819,20993,19089,16062,4027,5048,10029,10470,7027,10058
0,0,100000,0,3,39,-1,-1,0,-1,-1,-1,380,1357,1977,380,380,1253,1357,1000,380,380,1253,2434
1,1,30000,1,2,31,0,0,0,0,0,0,26788,28352,86253,28351,28571,23400,2001,1600,600,1000,468,0
0,0,100000,1,2,42,0,0,0,0,2,0,56256,57685,58156,61103,59358,60060,3000,2688,5163,0,2358,2472
1,1,80000,0,2,24,0,0,0,0,0,2,9933,11111,9998,8950,9415,5700,1370,1233,261,549,400,0
0,0,180000,0,2,34,-2,-2,-2,-2,-2,-2,10485,274,9333,26656,274,1624,274,9333,26656,274,1624,274
1,1,50000,1,2,42,2,2,2,0,0,0,51614,52034,50151,20448,20464,20456,2000,39,718,800,800,800
1,1,50000,1,2,51,0,0,0,0,0,0,38434,39492,39394,33490,27316,0,1681,1583,1347,1183,0,0
0,0,100000,0,2,41,-1,-1,-1,-1,-1,-1,1594,4612,2098,3494,2086,2379,4612,2099,3494,2086,2379,3219
0,0,120000,0,3,53,-1,2,-1,-1,0,-1,1743,316,316,632,316,316,0,316,632,0,316,816
1,1,60000,1,2,32,0,0,0,0,0,0,56228,56861,58152,58615,54338,55915,2147,4740,1926,2597,2638,2478
0,0,50000,0,2,40,0,0,0,0,0,0,48050,47238,47722,32920,28471,28834,2000,1871,1800,1100,1200,1040
0,1,110000,1,2,38,3,2,2,0,0,0,78480,80604,78326,44890,41394,42727,4000,0,2000,1500,2000,2000
0,0,180000,1,2,27,0,0,0,0,0,0,181219,183311,183936,181370,179904,172758,7000,8021,6315,6432,6409,6008
1,0,200000,0,2,25,0,0,0,0,0,0,22371,24569,28630,29962,30733,39192,2569,4500,1800,2000,9000,5000
0,0,30000,1,2,27,0,0,0,0,0,0,10410,11431,12439,12530,12790,12891,1495,1503,594,610,462,478
0,1,60000,0,2,42,0,0,0,0,0,0,60902,61078,61160,61055,60895,61587,2350,2532,2510,3250,2900,2630
0,0,560000,1,2,36,-2,-2,-2,-2,-2,-2,4286,3273,2300,4930,2043,1019,3282,2306,4930,2049,1019,2580
0,1,480000,0,1,39,0,0,-1,0,0,0,106660,400000,66270,80274,82160,110773,302000,66270,15000,3044,30042,34048
1,1,500000,1,2,44,-2,-2,-1,0,0,-2,26697,26319,79424,77920,55625,30092,1131,150042,4790,3236,866,630
1,0,230000,0,1,29,-2,-2,-2,-2,-2,-2,0,0,1024,0,0,0,0,1024,0,0,0,0
1,1,60000,0,2,30,0,0,0,0,0,0,36082,37127,38117,38874,38667,39544,1628,1618,1375,1403,1520,1205
0,0,180000,1,1,34,-2,-2,-2,-2,-2,-2,0,0,0,0,0,0,0,0,0,0,0,0
0,0,500000,0,1,30,-1,-1,-1,-1,-1,-1,5800,7210,229,3377,441,24116,7210,229,3377,441,24116,0
0,0,210000,0,1,36,1,-2,-2,-2,-2,-2,0,0,0,0,0,0,0,0,0,0,0,0
0,0,240000,0,1,29,-1,0,0,0,0,0,30380,15579,20496,15296,24332,23896,10023,10000,5000,15000,15000,5000
0,0,440000,0,1,33,-1,-1,-1,-1,-1,-1,304,301,850,10799,746,600,301,850,10819,746,600,4238
1,1,110000,0,1,37,0,0,2,0,0,0,14519,16982,16002,15262,15626,14465,3536,3,521,1000,520,325
0,1,80000,1,2,29,0,0,0,0,0,0,78265,79364,73622,75092,75976,77511,3070,2623,2644,2743,2783,2909
1,0,310000,0,1,30,0,0,0,0,0,0,33376,34587,30488,27112,24722,9862,2000,2000,1000,1000,661,1000
0,0,390000,0,1,64,1,-2,-2,-2,-2,-1,0,0,0,0,0,8668,0,0,0,0,8668,4490
0,0,210000,0,5,27,1,-2,-1,-1,-2,-2,0,0,780,0,0,0,0,780,0,0,0,0
0,0,20000,0,3,48,2,2,2,2,2,2,13836,14805,15865,16062,15509,16558,1500,1595,750,0,1452,0
0,0,80000,0,3,41,-1,-1,-1,-1,-1,-1,3526,10129,6100,6420,606,7228,10129,6100,6434,606,7228,14387
0,1,500000,0,2,29,0,0,0,0,0,0,455042,364288,261185,215575,174736,118438,12564,10000,6476,5489,5000,5000
1,0,110000,0,1,35,-1,2,-1,0,0,-1,549,179,1166,790,806,1729,0,1166,0,446,1729,0
1,1,180000,0,2,25,0,0,0,-2,-1,0,11393,2963,0,0,351,1351,2000,0,0,351,1000,0
1,1,30000,1,2,44,0,0,0,0,0,-2,30003,30470,30147,26030,0,0,1643,1420,913,700,0,0
1,0,360000,1,1,48,-1,-1,-1,-1,-2,-1,5518,2532,5504,-4,-4,881,2548,5536,0,0,885,1595
0,1,310000,0,2,49,-2,-2,-2,-2,-2,-2,13465,7867,7600,11185,3544,464,7875,7600,11185,3544,464,0
0,0,240000,0,1,39,0,-1,0,0,0,0,52595,238861,198351,195242,187710,171828,238861,6678,7537,10555,5223,5829
0,0,300000,0,2,40,-2,-2,-2,-2,-2,-2,0,0,2454,217960,0,0,0,2454,218000,0,0,179999
1,1,20000,1,2,24,-1,-1,-1,-2,-2,-2,2500,3068,-380,-380,-380,-380,3068,0,0,0,0,0
1,1,170000,1,1,36,-2,-2,-2,-2,-2,-2,5470,1701,18406,-979,-1304,2371,2000,19000,0,0,4000,15000
0,1,500000,0,1,49,0,0,0,0,0,0,435737,421983,414453,422168,423674,413326,20157,13670,13596,14454,33720,12284
0,0,130000,0,1,33,1,-2,-2,-2,-2,-2,0,0,0,0,0,0,0,0,0,0,0,0
1,1,220000,1,2,29,0,0,0,-2,-2,-2,31037,6244,0,0,0,0,3050,0,0,0,0,0
0,1,340000,0,2,30,0,0,0,0,-1,0,257884,254863,24810,27502,3490,99514,13000,2000,5000,3490,99000,5000
0,1,30000,1,1,28,-1,-1,2,0,0,0,9262,11792,11311,11820,13558,20271,3000,0,1000,2100,7000,0
0,1,400000,1,3,51,0,0,0,0,0,0,373702,343591,352484,338823,283288,185288,13000,15000,14000,11500,8000,7000
1,0,50000,1,2,32,0,0,0,0,0,0,47842,48752,39937,25864,6990,9990,2097,1650,1500,2000,3000,0
1,0,90000,0,2,24,1,2,0,0,0,0,88550,78892,75808,63362,65300,67248,3000,3500,3000,3000,3000,5000
1,1,80000,0,2,30,2,2,-2,-2,-1,-1,15304,0,0,0,1005,5,0,0,0,1005,0,0
0,1,230000,1,3,48,0,0,2,0,0,0,20271,21979,20924,20881,21262,21469,5034,0,2000,2000,2000,2000
0,0,70000,1,1,57,0,0,0,0,0,0,69398,70352,69936,68118,65942,62495,2667,2321,2391,2316,2466,1451
0,0,130000,0,1,25,0,0,0,0,-2,-2,123945,127883,133400,0,0,0,6000,9000,0,0,0,0
0,0,200000,0,2,27,-1,-1,-1,0,-1,-1,13285,2150,14122,27413,35377,29922,2155,14122,23007,7212,29922,37790
1,0,300000,0,1,48,2,0,0,0,0,0,304040,305627,305697,269017,275230,260419,11500,12000,10000,10500,10000,10000
0,0,50000,1,2,48,2,0,0,0,0,0,79262,40931,40892,41612,18825,18019,3278,1880,1650,10000,1000,700
0,1,340000,0,1,46,-1,-1,-1,-1,-1,-1,9435,40670,14007,11922,84739,11132,40670,24330,11943,84739,11132,46039
0,0,200000,0,1,30,-2,-2,-2,-1,0,-1,0,0,324,3741,1374,2932,0,324,3741,0,3118,0
0,0,140000,0,2,26,0,0,0,-1,-1,-1,22844,8178,3776,3776,3776,4173,1119,1000,3776,3776,4173,1000
0,0,150000,1,2,41,0,0,0,0,0,0,19350,20703,10403,10927,11598,13235,2000,3000,1000,1000,2000,2000
0,1,110000,0,2,33,0,0,0,2,2,2,105440,105852,111966,106068,109293,105804,5300,11000,0,8077,0,3947
0,0,500000,1,1,54,-2,-2,-2,-2,-2,-2,2634,1108,1318,36032,0,11270,1119,1318,36032,0,11270,28051
0,1,80000,0,1,27,0,0,0,0,0,0,23107,24674,25351,25981,26464,23714,5034,10000,1000,1000,1000,1000
1,0,400000,0,2,49,-2,-2,-2,-2,-2,-2,389,389,389,320,14185,389,390,390,321,14255,390,390
0,0,200000,1,2,34,0,0,0,0,0,0,135654,173946,176894,170754,172332,175960,66022,6101,5898,6053,6288,8000
1,1,150000,1,3,43,0,0,0,0,0,0,150797,52509,50683,46602,40599,37192,3008,2014,1599,2014,2018,1041
1,0,360000,0,2,37,0,0,0,-1,-1,-1,10764,8874,3501,328,0,770,1052,1002,328,0,770,11309
0,0,500000,1,2,41,0,0,0,0,0,0,171565,184782,152365,139757,153348,127391,20241,20154,20019,20151,20037,21
1,1,30000,0,3,22,0,0,0,0,0,2,23185,24194,25529,26563,28120,28558,1400,1730,1760,2310,1033,0
0,0,180000,0,2,41,0,0,0,0,0,0,139184,141752,122164,111328,113890,116823,6411,6000,5000,4500,5000,4200
0,1,70000,0,2,22,0,0,0,0,0,0,66748,52642,40934,34685,30166,29299,2049,1700,1446,1000,1044,1176
1,1,10000,1,2,37,-1,-1,-1,0,-1,0,885,1475,780,390,780,390,1475,780,0,31250,0,0
0,0,300000,1,1,35,0,0,0,0,0,0,17975,14032,13145,11890,12695,13763,1510,1519,2000,1005,2068,0
0,1,20000,1,2,48,0,0,0,2,0,0,7186,9063,10909,10440,10803,11330,2000,2000,0,680,1000,0
0,1,20000,0,2,24,-1,-1,-2,-2,-2,-2,750,0,0,0,0,0,165,0,0,528,0,0
0,1,110000,1,2,47,2,2,2,2,2,2,53016,56532,57502,58460,59876,58761,5000,2500,2500,2500,0,5000
0,0,500000,0,2,34,1,2,0,0,0,0,523618,483244,459273,386722,366421,241182,0,16004,15004,15004,9814,31004
0,0,120000,1,3,36,-1,-1,-1,-1,-1,0,326,326,326,326,652,326,326,326,326,652,0,290
0,0,200000,1,2,32,2,2,2,2,2,0,110419,112518,114247,115896,112545,115565,5400,5000,5000,0,5000,4235
0,0,200000,0,1,29,0,0,0,0,0,0,9078,11612,12100,13900,15900,0,3000,1500,2000,2000,0,0
1,0,360000,0,1,43,1,-1,-1,-1,-1,-1,0,7221,26194,0,3550,2511,7221,26194,0,3550,2511,6895
0,1,170000,1,2,29,0,0,0,0,-1,0,23070,186183,164405,93983,2806,1732,164000,7000,5215,3500,2000,300
0,0,50000,0,2,22,2,2,2,2,2,2,15006,14475,16227,16662,16253,17982,0,2000,1000,0,2000,0
0,0,50000,0,1,25,0,0,0,0,0,0,3624,4487,4545,6249,6249,6249,1100,1600,2000,0,0,0
0,0,10000,0,3,22,1,2,0,0,2,0,8846,8560,9706,10406,10109,10057,0,1300,1000,0,1000,1000
1,1,260000,0,1,32,1,-2,-2,-2,-1,-1,0,0,0,0,238,0,0,0,0,238,0,0
1,1,80000,0,3,25,0,0,0,0,0,0,80804,81390,81700,79080,59873,60520,3000,3058,9013,2200,2200,2500
0,0,50000,1,2,38,0,0,0,-2,-2,-2,26533,16426,0,0,0,0,1000,0,0,0,0,0
0,1,20000,0,2,35,0,0,0,0,0,0,15852,16861,17884,18590,18959,19347,1579,1602,1308,677,692,1577
0,0,360000,0,1,45,1,-2,-2,-2,-2,-2,0,0,0,0,0,0,0,0,0,0,0,0
1,1,80000,0,3,55,1,-1,0,0,0,0,78910,80362,77986,78803,50140,47757,84361,3837,3141,2000,2000,2000
0,0,190000,0,1,41,-1,-1,-1,-1,-1,-1,28204,0,16500,0,26854,554,0,16500,0,26854,500,0
1,1,80000,1,3,38,0,0,0,0,0,0,7790,9123,10656,11474,13117,15899,1467,2000,1000,2000,3000,0
1,1,120000,0,2,23,0,0,0,0,0,0,100727,96551,69676,44879,43532,44467,4324,3234,1448,1400,1400,1400
0,0,50000,1,2,27,0,0,0,-1,2,0,50679,45126,37800,51457,50463,41758,2033,1900,51457,0,1642,1538
1,1,50000,1,1,31,2,0,0,0,0,0,56251,50758,49517,49528,44768,40295,8705,2501,2005,1312,1614,1706
1,1,140000,0,2,37,0,0,0,0,0,0,58081,51013,54343,27537,9751,12569,5000,5000,5000,3000,3000,5000
1,1,200000,1,3,44,0,0,0,0,0,0,138877,144085,142520,151078,176717,168431,6437,5000,10000,27080,10017,4200
0,0,100000,0,1,29,2,2,2,2,2,2,74032,75557,76434,74611,79292,80945,3300,2700,0,5900,3100,0
0,1,170000,1,1,34,0,0,0,0,0,0,53145,52131,45987,35377,29141,21955,2005,2000,1514,1006,1000,220
0,0,360000,1,2,31,1,-2,-2,-2,-2,-2,0,0,0,0,0,0,0,0,0,0,0,0
0,0,500000,1,1,39,0,0,0,0,-1,-1,128068,143227,52196,43180,1095,856,20000,12000,0,1095,856,50000
1,1,250000,0,2,37,0,0,0,0,0,0,212954,215928,221963,224949,229577,234221,8000,9510,8160,8364,8493,8625
0,1,50000,0,2,25,0,0,0,0,0,0,37034,37698,37252,38254,38445,39273,1586,1624,1626,1377,1448,1399
1,0,320000,0,2,31,0,0,0,0,0,0,104850,101705,93489,95033,96941,108463,3600,4277,4000,3600,13203,4500
1,0,200000,1,1,38,-2,-2,-2,-2,-2,-2,0,0,0,0,0,0,0,0,0,0,0,0
0,0,60000,0,2,27,1,2,0,0,2,0,10415,10099,11545,12928,12581,10787,0,1617,2000,0,270,1000
0,1,50000,0,2,41,0,0,0,-2,-2,-2,45408,36025,0,0,0,0,2025,0,0,0,0,0
1,0,360000,0,3,38,1,-1,-1,0,0,0,-507,751,15369,7845,6786,0,1502,15369,200,0,0,0
0,0,210000,0,2,39,0,0,0,0,0,0,193976,196361,200590,204494,208990,214031,7100,7400,7300,7700,8600,5816
1,0,260000,0,1,36,-1,-1,-1,0,0,0,5160,0,15362,21068,27669,32202,0,15362,10000,7000,5000,5000
1,1,50000,1,2,48,0,0,0,-1,0,0,51631,45223,45461,18354,19118,19404,1800,1005,19763,1000,1000,1000
0,0,20000,0,3,54,0,0,0,0,0,0,13543,14308,16856,18073,18773,19166,1300,2800,1500,1000,695,1000
0,1,30000,1,2,23,0,0,0,0,0,0,27044,28384,29037,29667,29669,29995,2000,1427,1291,1029,1229,549
1,0,350000,0,2,44,2,2,-2,-2,-2,-1,52949,-4577,-4577,-2699,-2699,297301,3682,0,1878,0,300000,0
0,0,30000,0,3,28,-1,-1,-1,-1,-1,2,8432,25460,557,1299,600,450,25460,1000,1306,600,0,11961
1,1,230000,1,1,53,1,-2,-2,-2,-2,-2,0,0,0,0,0,0,0,0,0,0,0,0
0,0,280000,0,1,41,2,-1,-1,-1,-2,-1,280,6852,486,0,0,244,6859,486,0,0,244,0
0,0,170000,0,1,36,0,0,0,0,0,0,46113,48241,50255,51410,52429,53554,3182,3000,1990,2000,2000,3000
1,0,130000,0,1,25,1,2,-1,-1,-1,-1,2576,2356,5978,2750,3641,1735,0,6000,2750,3641,1735,7290
1,0,50000,0,2,44,0,0,0,0,0,0,42941,44002,43378,28048,28477,29056,1800,2122,1600,1000,1000,1000
0,1,50000,1,3,58,-1,0,0,0,0,0,14628,15638,16383,17837,15791,15988,1558,1303,1757,711,600,1500
0,1,100000,0,1,27,0,0,0,0,0,0,58127,60155,61685,70611,70198,72075,3000,2500,10000,2505,3000,3420
0,0,90000,0,2,26,0,0,0,0,0,0,21854,23036,24100,25000,25000,26254,1536,1600,1500,0,1254,1214
0,0,410000,1,1,40,-1,-1,-1,2,-1,-1,34405,18612,19975,8906,10491,9347,18612,8944,7,10491,9347,9727
0,0,50000,1,1,47,0,0,0,0,0,0,47695,49550,51636,53561,53283,53057,2657,2743,2668,1712,1762,1894
